"품목별(1)",품목별(2),품목별(3),품목별(4),품목별(5),품목별(6),품목별(7),품목별(8),1965,1965,1966,1966,1967,1967,1968,1968,1969,1969,1970,1970,1971,1971,1972,1972,1973,1973,1974,1974,1975,1975,1976,1976,1977,1977,1978,1978,1979,1979,1980,1980,1981,1981,1982,1982,1983,1983,1984,1984,1985,1985,1986,1986,1987,1987,1988,1988,1989,1989,1990,1990,1991,1991,1992,1992,1993,1993,1994,1994,1995,1995,1996,1996,1997,1997,1998,1998,1999,1999,2000,2000,2001,2001,2002,2002,2003,2003,2004,2004,2005,2005,2006,2006,2007,2007,2008,2008,2009,2009,2010,2010,2011,2011,2012,2012,2013,2013,2014,2014,2015,2015,2016,2016,2017,2017,2018,2018,2019,2019,2020,2020,2021,2021,2022,2022
"품목별(1)",품목별(2),품목별(3),품목별(4),품목별(5),품목별(6),품목별(7),품목별(8),생산지수,생산금액 (십억원),생산지수,생산금액 (십억원),생산지수,생산금액 (십억원),생산지수,생산금액 (십억원),생산지수,생산금액 (십억원),생산지수,생산금액 (십억원),생산지수,생산금액 (십억원),생산지수,생산금액 (십억원),생산지수,생산금액 (십억원),생산지수,생산금액 (십억원),생산지수,생산금액 (십억원),생산지수,생산금액 (십억원),생산지수,생산금액 (십억원),생산지수,생산금액 (십억원),생산지수,생산금액 (십억원),생산지수,생산금액 (십억원),생산지수,생산금액 (십억원),생산지수,생산금액 (십억원),생산지수,생산금액 (십억원),생산지수,생산금액 (십억원),생산지수,생산금액 (십억원),생산지수,생산금액 (십억원),생산지수,생산금액 (십억원),생산지수,생산금액 (십억원),생산지수,생산금액 (십억원),생산지수,생산금액 (십억원),생산지수,생산금액 (십억원),생산지수,생산금액 (십억원),생산지수,생산금액 (십억원),생산지수,생산금액 (십억원),생산지수,생산금액 (십억원),생산지수,생산금액 (십억원),생산지수,생산금액 (십억원),생산지수,생산금액 (십억원),생산지수,생산금액 (십억원),생산지수,생산금액 (십억원),생산지수,생산금액 (십억원),생산지수,생산금액 (십억원),생산지수,생산금액 (십억원),생산지수,생산금액 (십억원),생산지수,생산금액 (십억원),생산지수,생산금액 (십억원),생산지수,생산금액 (십억원),생산지수,생산금액 (십억원),생산지수,생산금액 (십억원),생산지수,생산금액 (십억원),생산지수,생산금액 (십억원),생산지수,생산금액 (십억원),생산지수,생산금액 (십억원),생산지수,생산금액 (십억원),생산지수,생산금액 (십억원),생산지수,생산금액 (십억원),생산지수,생산금액 (십억원),생산지수,생산금액 (십억원),생산지수,생산금액 (십억원),생산지수,생산금액 (십억원),생산지수,생산금액 (십억원),생산지수,생산금액 (십억원)
"농림업",농업,농업총계,소계,소계,소계,소계,소계,46.2,0.0,49.2,0.0,43.0,0.0,44.3,0.0,50.5,0.0,50.4,0.0,49.7,0.0,51.9,0.0,54.2,0.0,58.0,0.0,60.0,0.0,67.8,0.0,70.7,0.0,71.6,0.0,74.5,0.0,58.1,0.0,67.2,0.0,70.6,0.0,78.7,0.0,78.6,0.0,82.1,0.0,83.9,0.0,78.0,0.0,83.5,0.0,86.7,16274.4,81.7,17859.8,82.7,19346.5,87.1,20563.4,87.8,20990.8,87.2,23807.1,93.8,26341.6,98.1,28316.9,99.3,29375.4,95.2,29759.9,98.6,31973.0,101.3,31967.8,102.3,32383.1,98.0,32163.7,92.4,31808.7,98.9,36155.5,99.2,35088.9,96.7,35232.4,98.4,34685.0,103.0,42780.7,106.2,45069.5,104.7,45724.0,95.7,45453.8,102.3,48919.1,103.3,49257.1,103.3,48669.2,102.0,48470.9,100.7,47275.7,99.1,48170.4,99.6,50051.3,102.0,49803.0,96.5,50173.0,101.5,59203.7,100.5,57904.6
"농림업",농업,농업총계,재배업,소계,소계,소계,소계,70.4,0.0,74.4,0.0,65.4,0.0,68.5,0.0,75.6,0.0,74.3,0.0,74.2,0.0,76.1,0.0,77.2,0.0,79.5,0.0,91.1,0.0,99.0,0.0,102.0,0.0,100.2,0.0,104.0,0.0,79.9,0.0,93.5,0.0,96.0,0.0,101.4,0.0,99.8,0.0,101.9,0.0,105.7,0.0,100.0,0.0,109.7,0.0,113.0,12806.1,104.6,13906.6,103.7,14912.9,109.2,15931.0,105.5,15922.2,105.4,18494.4,113.3,20379.4,116.5,21382.7,117.3,22472.3,110.3,22245.0,120.1,24036.3,120.6,23885.3,124.3,24071.1,114.2,23111.8,103.4,22939.1,116.8,25315.6,115.9,23321.7,110.0,23556.1,111.0,23407.7,113.9,29187.8,117.5,28585.5,112.4,28252.7,108.5,30412.4,106.5,32825.4,111.4,32944.9,112.4,29794.7,109.7,29259.3,106.6,27977.2,104.0,27992.9,101.9,30269.8,103.7,29879.6,94.8,29807.0,101.5,34606.1,99.3,32662.5
"농림업",농업,농업총계,재배업,식량작물,소계,소계,소계,168.2,0.0,173.4,0.0,146.7,0.0,150.5,0.0,170.0,0.0,166.3,0.0,160.9,0.0,158.7,0.0,159.4,0.0,162.8,0.0,182.6,0.0,190.7,0.0,194.6,0.0,192.7,0.0,184.7,0.0,127.1,0.0,163.4,0.0,158.8,0.0,165.8,0.0,169.3,0.0,163.5,0.0,158.7,0.0,153.9,0.0,168.4,0.0,166.9,7048.9,152.3,7405.3,143.3,7324.7,143.0,7709.9,128.1,7207.8,130.8,7729.2,126.1,7878.8,141.5,9857.5,141.1,10271.3,132.7,10170.9,138.3,11196.4,136.2,11435.5,140.0,11774.8,128.0,10475.5,114.0,9755.2,130.6,11203.3,128.8,9738.3,122.7,9411.8,116.0,8909.5,126.3,11148.9,128.2,10488.8,111.7,8528.8,110.5,10212.0,107.0,10597.4,114.4,10956.7,112.7,9904.4,111.5,9413.3,108.3,8007.7,102.9,8377.7,101.5,10731.3,102.5,10492.3,93.8,10481.2,103.8,11949.5,101.5,10219.1
"농림업",농업,농업총계,재배업,식량작물,미곡,소계,소계,94.3,0.0,105.6,0.0,97.1,0.0,86.1,0.0,110.2,0.0,106.2,0.0,107.7,0.0,106.6,0.0,113.5,0.0,119.8,0.0,125.8,0.0,140.5,0.0,161.8,0.0,156.2,0.0,150.0,0.0,95.7,0.0,136.4,0.0,139.5,0.0,145.6,0.0,153.1,0.0,151.6,0.0,151.1,0.0,148.0,0.0,163.1,0.0,158.9,6044.1,151.1,6538.0,145.1,6398.3,143.7,6723.2,128.0,6281.0,136.3,6813.3,126.5,6759.8,143.4,8613.2,146.9,9192.8,137.3,9182.6,141.8,10045.1,142.6,10504.6,148.6,10721.7,132.8,9556.4,119.9,8835.9,134.7,9963.1,128.5,8536.8,126.1,8405.7,118.8,7857.5,130.5,9379.6,132.5,8680.0,115.8,6787.4,113.8,8008.8,108.0,8117.5,114.0,8531.7,114.3,8153.6,116.6,7697.2,113.1,6391.9,107.0,6619.6,104.2,8401.2,100.9,8350.7,94.5,8448.7,104.6,9526.3,101.4,7875.2
"농림업",농업,농업총계,재배업,식량작물,맥류,소계,소계,1355.0,0.0,1504.5,0.0,1434.3,0.0,1553.7,0.0,1553.0,0.0,1485.1,0.0,1398.6,0.0,1440.7,0.0,1275.3,0.0,1209.6,0.0,1485.1,0.0,1508.7,0.0,708.3,0.0,1113.8,0.0,1279.7,0.0,730.7,0.0,744.8,0.0,660.5,0.0,748.7,0.0,665.6,0.0,460.5,0.0,363.2,0.0,416.9,0.0,451.5,0.0,412.5,310.9,330.9,295.2,266.5,296.6,246.5,293.1,248.6,311.9,178.8,237.2,223.9,293.0,229.5,299.9,148.4,199.0,145.2,197.8,186.9,276.5,126.8,195.3,214.0,345.1,169.1,261.1,128.8,207.4,146.7,231.4,156.1,249.8,119.0,187.9,136.7,211.9,140.2,209.2,129.9,182.2,91.7,119.8,90.9,136.1,72.3,111.0,68.0,101.1,87.7,130.7,79.3,149.7,86.1,158.3,85.9,157.4,100.6,169.9,120.0,155.7,90.8,135.2,89.2,126.0,78.6,113.6
"농림업",농업,농업총계,재배업,식량작물,맥류,겉보리,소계,3562.4,0.0,3665.1,0.0,3487.5,0.0,3148.5,0.0,3431.2,0.0,3066.8,0.0,2795.2,0.0,2833.9,0.0,2472.2,0.0,2663.5,0.0,3209.7,0.0,3154.3,0.0,1313.0,0.0,2340.0,0.0,2354.1,0.0,1225.7,0.0,1109.9,0.0,910.9,0.0,1169.0,0.0,1016.7,0.0,745.1,0.0,516.4,0.0,621.3,0.0,632.6,0.0,540.1,72.9,431.8,69.1,307.3,59.6,264.1,54.7,226.7,49.5,159.0,36.4,196.2,45.0,180.4,41.3,106.3,25.4,108.1,26.0,140.1,36.9,101.1,27.5,136.1,39.5,132.5,39.5,93.8,29.3,103.6,30.0,102.6,29.7,90.3,26.1,102.8,29.2,101.7,28.3,83.2,22.5,57.2,15.0,53.3,16.5,53.5,17.5,84.7,26.6,101.3,38.3,83.4,32.8,79.3,31.3,97.1,38.2,118.6,40.1,135.8,32.5,86.6,24.4,77.6,20.4,57.1,16.7
"농림업",농업,농업총계,재배업,식량작물,맥류,쌀보리,소계,1169.8,0.0,1426.7,0.0,1353.3,0.0,1700.5,0.0,1572.0,0.0,1579.2,0.0,1536.7,0.0,1678.2,0.0,1539.8,0.0,1373.9,0.0,1701.5,0.0,1794.0,0.0,867.9,0.0,1355.9,0.0,1580.1,0.0,781.4,0.0,904.9,0.0,806.5,0.0,823.9,0.0,770.6,0.0,384.1,0.0,347.4,0.0,431.6,0.0,479.2,0.0,438.9,157.7,328.5,146.1,241.3,125.9,225.6,125.2,219.1,127.5,129.0,78.8,169.8,103.8,187.7,114.7,103.8,64.8,120.2,76.0,184.0,128.7,119.6,87.0,257.7,197.5,161.3,121.9,102.6,78.5,139.0,106.1,164.2,125.7,110.6,84.0,131.4,96.7,140.3,99.1,131.6,87.4,72.8,45.4,74.8,58.7,60.6,47.5,51.3,37.5,81.8,43.0,63.7,61.6,60.2,59.0,52.4,51.3,89.4,74.5,121.8,74.2,95.2,69.9,83.0,57.2,64.6,44.9
"농림업",농업,농업총계,재배업,식량작물,맥류,맥주보리,소계,-,0.0,-,0.0,-,0.0,-,0.0,-,0.0,-,0.0,-,0.0,-,0.0,15.7,0.0,-,0.0,-,0.0,-,0.0,73.5,0.0,-,0.0,259.3,0.0,314.8,0.0,316.9,0.0,286.7,0.0,284.8,0.0,475.9,0.0,663.9,0.0,494.5,0.0,464.7,0.0,518.4,0.0,511.2,79.7,469.5,79.6,474.9,110.9,452.2,112.9,511.7,134.1,438.6,120.8,504.3,138.8,501.5,138.1,376.0,103.1,327.0,92.5,349.3,106.7,249.4,79.0,319.7,105.6,320.7,94.5,281.1,90.8,264.3,84.2,268.9,87.6,229.9,72.6,251.4,79.8,237.8,73.3,193.3,55.9,94.5,25.2,72.8,18.4,36.5,11.7,43.5,13.3,66.3,24.6,74.3,27.7,77.3,27.0,83.3,29.0,88.8,30.2,130.4,34.4,86.1,24.4,83.5,22.4,64.2,17.5
"농림업",농업,농업총계,재배업,식량작물,맥류,밀,소계,946.3,0.0,993.3,0.0,980.0,0.0,1086.9,0.0,1152.1,0.0,1124.4,0.0,1010.4,0.0,766.3,0.0,513.0,0.0,381.6,0.0,498.5,0.0,419.8,0.0,229.7,0.0,183.6,0.0,215.9,0.0,472.9,0.0,293.8,0.0,338.5,0.0,574.1,0.0,88.6,0.0,54.1,0.0,23.4,0.0,19.2,0.0,12.7,0.0,5.8,0.4,4.6,0.4,2.8,0.2,2.8,0.3,7.6,0.7,11.1,1.1,52.8,5.4,56.2,5.8,38.2,5.7,24.6,3.2,28.9,4.1,12.0,1.7,14.6,2.5,30.0,5.2,51.5,8.9,64.9,11.2,39.5,6.9,29.9,5.2,37.8,6.3,53.3,8.5,96.6,16.4,201.2,34.2,224.6,42.6,190.4,34.4,139.5,23.7,120.4,24.7,135.9,27.6,199.1,41.0,192.5,38.9,132.6,25.1,77.3,14.6,87.4,16.5,135.4,25.9,177.7,34.5
"농림업",농업,농업총계,재배업,식량작물,잡곡,소계,소계,86.4,0.0,64.1,0.0,83.7,0.0,119.7,0.0,89.7,0.0,92.2,0.0,87.4,0.0,73.2,0.0,92.3,0.0,67.0,0.0,75.1,0.0,94.1,0.0,130.3,0.0,149.4,0.0,187.2,0.0,193.2,0.0,181.8,0.0,196.6,0.0,136.7,0.0,169.6,0.0,168.0,0.0,165.6,0.0,182.1,0.0,147.8,0.0,147.6,44.8,145.7,42.8,105.8,28.9,130.8,33.0,104.2,26.5,115.5,33.2,107.3,44.4,95.9,46.1,110.4,49.1,99.8,46.8,101.7,53.7,79.1,43.7,75.7,43.3,92.0,51.4,83.9,47.1,89.2,51.0,85.9,49.4,82.0,48.5,97.2,56.0,107.3,172.7,89.4,152.7,85.6,150.3,86.6,149.2,97.2,167.6,91.8,154.3,93.4,123.3,92.3,83.0,84.6,69.3,82.6,76.3,93.5,86.6,90.9,86.9,101.9,118.1,107.2,115.2,103.2,107.8
"농림업",농업,농업총계,재배업,식량작물,잡곡,옥수수,소계,45.5,0.0,38.4,0.0,67.9,0.0,71.9,0.0,71.3,0.0,77.2,0.0,73.1,0.0,61.2,0.0,69.6,0.0,59.6,0.0,61.8,0.0,79.3,0.0,94.3,0.0,114.2,0.0,169.7,0.0,175.6,0.0,165.6,0.0,133.4,0.0,114.7,0.0,152.0,0.0,150.2,0.0,129.1,0.0,145.2,0.0,120.6,0.0,137.5,33.9,136.6,31.4,85.0,19.5,105.1,24.2,93.6,21.2,100.9,26.2,84.9,32.7,82.2,34.1,98.9,42.0,91.4,39.4,90.4,41.1,73.2,35.6,65.2,32.7,83.4,42.5,80.0,40.7,88.5,45.0,83.7,42.6,73.6,37.5,95.2,48.9,105.8,164.4,87.7,144.3,84.7,139.4,83.9,138.0,94.8,156.0,91.7,145.3,93.5,114.6,89.2,70.5,84.0,59.8,82.7,68.6,88.9,73.5,87.0,74.7,104.6,111.0,108.4,106.0,103.9,97.6
"농림업",농업,농업총계,재배업,식량작물,잡곡,메밀,소계,505.1,0.0,327.6,0.0,246.1,0.0,609.6,0.0,277.6,0.0,245.3,0.0,233.5,0.0,196.5,0.0,325.3,0.0,142.7,0.0,212.4,0.0,245.5,0.0,499.6,0.0,510.1,0.0,366.9,0.0,373.5,0.0,347.7,0.0,844.6,0.0,362.3,0.0,350.0,0.0,351.2,0.0,539.9,0.0,560.7,0.0,425.7,0.0,251.4,3.4,238.5,3.4,318.5,4.4,393.9,5.5,213.6,2.8,264.2,4.0,337.3,7.4,235.5,5.6,228.1,7.1,186.1,7.3,217.2,12.6,139.8,8.1,183.1,10.6,179.6,8.9,123.1,6.4,97.0,6.0,108.2,6.8,167.8,11.1,118.0,7.1,122.7,8.4,106.6,8.4,94.2,10.9,114.3,11.1,121.1,11.5,92.7,9.0,93.3,8.7,124.7,12.5,91.2,9.5,81.2,7.7,140.2,13.1,130.4,12.2,74.7,7.1,94.9,9.2,95.6,10.2
"농림업",농업,농업총계,재배업,식량작물,두류,소계,소계,183.2,0.0,177.4,0.0,213.9,0.0,263.9,0.0,248.9,0.0,250.0,0.0,238.1,0.0,236.5,0.0,256.3,0.0,326.0,0.0,319.3,0.0,318.5,0.0,339.7,0.0,307.6,0.0,286.9,0.0,243.0,0.0,288.1,0.0,277.3,0.0,254.9,0.0,270.3,0.0,252.2,0.0,232.4,0.0,243.5,0.0,283.6,0.0,282.1,308.8,248.9,272.0,209.5,251.4,198.3,263.8,186.8,287.7,162.6,277.5,173.5,351.3,174.9,357.7,165.8,335.0,149.6,330.2,125.6,368.4,120.2,343.1,124.6,323.8,117.9,312.0,105.4,328.9,136.6,488.1,173.1,525.8,148.4,342.8,113.3,292.6,129.1,386.5,134.7,480.2,102.8,427.4,123.4,765.9,118.7,670.6,151.8,984.0,137.6,581.0,103.1,423.2,76.2,350.7,87.4,460.4,91.3,484.1,107.3,629.5,83.0,461.6,109.7,769.9,132.5,853.5
"농림업",농업,농업총계,재배업,식량작물,두류,콩,소계,176.2,0.0,162.9,0.0,203.5,0.0,247.7,0.0,231.3,0.0,234.3,0.0,224.5,0.0,226.2,0.0,248.3,0.0,321.7,0.0,313.6,0.0,297.9,0.0,321.9,0.0,295.7,0.0,259.6,0.0,218.5,0.0,259.4,0.0,235.7,0.0,228.6,0.0,256.0,0.0,236.2,0.0,200.5,0.0,205.5,0.0,241.8,0.0,254.1,247.0,235.1,213.7,185.0,180.6,177.7,199.3,171.8,228.7,155.9,223.1,161.2,274.4,161.7,281.7,158.0,273.5,141.8,275.2,117.3,313.3,114.3,285.8,118.9,268.1,116.2,269.6,106.1,287.1,139.9,431.4,185.2,479.1,158.0,325.5,115.4,270.9,134.0,354.8,140.6,449.3,106.4,396.1,130.7,718.6,123.7,610.5,155.6,889.7,140.7,526.0,104.5,383.2,76.2,313.1,86.5,393.9,90.3,426.8,106.4,546.3,81.7,408.2,111.9,677.5,131.2,728.6
"농림업",농업,농업총계,재배업,식량작물,두류,팥,소계,267.2,0.0,308.1,0.0,318.5,0.0,418.5,0.0,411.0,0.0,401.0,0.0,372.7,0.0,342.9,0.0,350.4,0.0,459.2,0.0,445.9,0.0,560.5,0.0,565.6,0.0,436.0,0.0,543.8,0.0,476.4,0.0,561.4,0.0,660.7,0.0,498.4,0.0,416.3,0.0,397.3,0.0,500.1,0.0,574.9,0.0,628.0,0.0,512.4,36.6,377.1,38.8,436.3,49.4,386.4,41.5,317.4,36.3,231.3,36.3,310.9,56.8,307.6,51.1,219.6,34.7,214.9,36.5,213.1,38.5,185.4,37.5,173.3,29.1,122.2,19.1,105.3,23.0,130.6,26.3,91.3,15.0,80.7,11.6,88.6,12.5,98.2,23.4,95.3,22.5,74.7,19.8,63.8,27.6,74.8,38.3,125.0,69.9,118.1,38.4,87.4,24.1,66.0,22.1,81.9,45.6,92.4,37.6,116.4,63.9,95.2,36.0,88.4,57.9,91.4,45.2
"농림업",농업,농업총계,재배업,식량작물,두류,녹두,소계,156.5,0.0,220.1,0.0,221.1,0.0,293.5,0.0,291.4,0.0,274.4,0.0,251.0,0.0,236.4,0.0,231.3,0.0,129.2,0.0,167.5,0.0,255.5,0.0,245.5,0.0,294.0,0.0,343.4,0.0,287.8,0.0,341.1,0.0,381.3,0.0,316.7,0.0,273.8,0.0,297.9,0.0,371.1,0.0,379.6,0.0,477.1,0.0,414.3,15.4,281.6,10.7,269.1,13.1,253.7,15.2,240.6,14.4,164.8,9.9,150.1,8.2,185.2,14.3,224.6,17.0,182.4,13.1,121.5,11.3,111.2,10.0,148.6,11.3,149.5,9.5,89.5,6.5,72.1,6.2,78.9,5.8,80.0,5.7,119.2,9.3,84.5,8.4,85.1,8.4,82.1,11.6,87.5,19.7,100.3,21.9,124.8,24.5,111.3,16.7,104.0,15.9,99.5,15.5,120.8,20.9,110.9,19.7,108.3,19.3,85.0,17.5,106.7,34.4,252.8,79.7
"농림업",농업,농업총계,재배업,식량작물,서류,소계,소계,529.9,0.0,487.7,0.0,312.8,0.0,378.2,0.0,388.9,0.0,391.5,0.0,352.1,0.0,338.8,0.0,305.7,0.0,268.3,0.0,365.7,0.0,331.4,0.0,294.2,0.0,286.9,0.0,251.4,0.0,211.8,0.0,220.4,0.0,176.0,0.0,198.5,0.0,177.1,0.0,169.6,0.0,152.1,0.0,120.8,0.0,121.8,0.0,141.8,340.4,97.0,257.3,91.2,349.5,103.5,396.7,90.8,300.7,75.5,367.9,92.3,430.4,107.5,540.7,93.6,495.4,95.7,413.5,118.5,452.6,106.9,348.9,87.9,340.9,99.5,294.6,79.6,335.9,102.5,469.6,110.4,376.5,92.0,426.8,98.7,491.4,97.2,1000.9,99.6,993.6,93.1,1043.8,86.4,1152.0,99.5,1530.8,106.0,1185.7,95.0,915.8,86.7,1060.3,95.6,1037.5,86.5,1063.9,89.2,1589.4,109.7,1269.6,93.6,1317.5,96.8,1412.1,89.5,1269.0
"농림업",농업,농업총계,재배업,식량작물,서류,감자,소계,96.8,0.0,114.8,0.0,94.4,0.0,102.9,0.0,100.0,0.0,100.9,0.0,98.3,0.0,76.5,0.0,78.4,0.0,74.6,0.0,110.2,0.0,94.9,0.0,93.1,0.0,50.7,0.0,59.3,0.0,74.4,0.0,92.5,0.0,89.8,0.0,78.2,0.0,72.7,0.0,95.9,0.0,94.4,0.0,75.1,0.0,70.8,0.0,105.0,156.4,61.8,131.4,69.3,225.9,121.1,305.0,103.8,208.2,81.6,266.6,98.8,305.6,121.9,365.4,106.4,295.0,93.7,244.2,113.1,300.1,117.5,218.2,100.7,225.7,111.1,162.5,83.1,161.4,107.2,280.6,149.2,224.0,105.3,186.4,95.8,190.5,100.8,558.6,98.5,429.5,102.9,555.9,103.8,589.1,101.3,618.2,121.3,561.8,98.5,400.2,89.7,564.1,92.7,519.6,77.9,553.1,91.4,915.3,115.2,632.0,92.3,522.7,92.6,570.8,80.2,746.4
"농림업",농업,농업총계,재배업,식량작물,서류,고구마,소계,858.5,0.0,770.7,0.0,478.6,0.0,587.1,0.0,608.1,0.0,612.0,0.0,544.7,0.0,537.8,0.0,478.1,0.0,415.3,0.0,559.6,0.0,510.9,0.0,446.9,0.0,466.2,0.0,397.3,0.0,316.0,0.0,317.6,0.0,241.4,0.0,289.8,0.0,256.3,0.0,225.4,0.0,196.0,0.0,155.5,0.0,160.6,0.0,169.7,184.0,123.7,125.8,107.8,123.7,90.2,91.8,80.8,92.5,70.8,101.3,87.3,124.8,96.6,175.3,84.0,200.4,97.1,169.3,122.6,152.5,98.8,130.6,78.2,115.1,90.7,132.0,77.0,174.5,98.9,189.0,80.9,152.5,81.9,240.4,100.9,300.8,94.4,442.3,100.5,564.1,85.6,487.9,73.1,562.9,98.2,912.5,94.4,623.9,92.3,515.6,84.4,496.2,97.8,518.0,93.1,510.8,87.5,674.1,105.5,637.5,94.5,794.8,100.0,841.3,96.6,522.6
"농림업",농업,농업총계,재배업,채소,소계,소계,소계,13.9,0.0,17.4,0.0,18.3,0.0,21.5,0.0,21.6,0.0,20.9,0.0,25.0,0.0,24.8,0.0,24.5,0.0,26.7,0.0,37.5,0.0,47.6,0.0,47.8,0.0,43.6,0.0,62.7,0.0,57.5,0.0,56.1,0.0,58.5,0.0,61.8,0.0,55.8,0.0,63.3,0.0,73.9,0.0,62.3,0.0,70.1,0.0,73.6,2689.5,73.5,3433.0,79.5,3990.7,86.3,4395.7,93.7,4765.6,87.8,5765.5,102.4,6939.5,100.1,6486.6,97.8,6332.1,93.4,6732.3,107.8,6821.9,109.2,6738.5,107.2,7209.1,100.2,6769.4,95.9,7618.9,109.1,7669.3,106.3,6918.6,100.7,7353.4,103.6,7483.0,102.2,9622.8,99.1,10064.3,105.0,11323.1,104.5,11396.1,105.8,13500.5,110.9,12810.3,111.6,11418.2,104.5,11676.1,98.6,11544.9,98.1,11031.6,101.5,11528.9,104.0,11126.6,95.2,11259.4,100.8,13205.1,93.3,12668.0
"농림업",농업,농업총계,재배업,채소,엽채류,소계,소계,13.4,0.0,15.5,0.0,17.8,0.0,20.1,0.0,28.2,0.0,27.2,0.0,32.9,0.0,27.7,0.0,26.4,0.0,32.4,0.0,64.9,0.0,87.4,0.0,81.1,0.0,113.0,0.0,109.1,0.0,98.9,0.0,108.4,0.0,104.7,0.0,92.5,0.0,110.3,0.0,96.9,0.0,111.5,0.0,84.6,0.0,86.6,0.0,106.0,487.6,118.2,517.7,112.3,522.7,101.3,453.4,147.3,542.8,123.6,662.7,139.3,750.4,137.1,818.1,130.3,852.8,130.8,922.4,123.5,903.4,144.9,1018.0,141.7,1046.6,120.9,1060.3,134.9,1301.9,155.7,1091.9,135.5,949.3,147.5,1164.2,127.8,1250.1,135.3,1382.3,131.6,1514.8,110.9,2009.4,138.6,1925.0,121.4,2220.9,116.1,1806.2,123.5,1670.4,107.6,1537.1,95.1,1742.0,107.5,1660.4,110.7,1816.5,96.5,1669.9,104.0,1819.3,99.4,1873.4,104.6,2076.5
"농림업",농업,농업총계,재배업,채소,엽채류,엽채류노지재배계,소계,19.8,0.0,22.8,0.0,26.2,0.0,29.6,0.0,41.6,0.0,40.2,0.0,48.5,0.0,40.8,0.0,38.9,0.0,47.7,0.0,95.7,0.0,128.8,0.0,119.6,0.0,166.7,0.0,160.9,0.0,145.9,0.0,159.8,0.0,154.4,0.0,136.4,0.0,162.6,0.0,142.9,0.0,164.5,0.0,124.7,0.0,127.8,0.0,134.1,437.6,150.5,452.9,132.7,426.4,116.9,373.2,174.4,431.8,132.7,509.0,150.0,598.5,155.2,638.7,141.4,673.2,138.9,736.4,125.4,726.8,145.2,703.9,144.7,739.9,118.4,736.6,135.3,915.1,147.8,762.8,127.8,765.0,147.6,852.1,122.5,945.2,134.9,945.1,127.4,913.6,97.8,1165.6,128.6,1123.4,108.8,1403.3,118.4,1262.5,125.7,1155.5,104.8,987.3,92.8,1167.9,111.1,1188.7,115.7,1296.7,94.4,1165.3,106.7,1270.8,98.9,1200.5,105.7,1382.1
"농림업",농업,농업총계,재배업,채소,엽채류,엽채류노지재배계,배추,22.1,0.0,26.7,0.0,31.3,0.0,35.9,0.0,40.6,0.0,40.9,0.0,50.7,0.0,42.4,0.0,40.1,0.0,46.6,0.0,116.1,0.0,160.0,0.0,142.4,0.0,205.4,0.0,176.8,0.0,156.0,0.0,177.4,0.0,179.4,0.0,153.6,0.0,172.4,0.0,143.2,0.0,174.9,0.0,124.9,0.0,121.9,0.0,138.3,367.6,166.3,373.1,131.4,347.8,115.8,309.7,182.0,343.9,128.4,379.8,135.4,417.9,143.3,418.2,127.2,466.6,128.1,525.2,117.4,526.7,147.2,520.5,143.9,562.2,109.8,509.5,126.2,626.7,136.1,529.4,112.0,604.8,131.7,596.2,106.7,694.2,124.9,596.4,122.7,547.2,82.9,698.6,126.4,660.0,103.3,945.5,115.9,808.2,124.3,775.1,101.1,634.9,87.6,753.4,117.3,864.7,119.1,920.1,91.8,869.5,110.5,851.8,97.7,835.1,106.8,917.4
"농림업",농업,농업총계,재배업,채소,엽채류,엽채류노지재배계,양배추,8.0,0.0,9.3,0.0,9.9,0.0,11.2,0.0,16.1,0.0,14.8,0.0,13.4,0.0,12.6,0.0,11.5,0.0,12.4,0.0,4.7,0.0,8.2,0.0,6.8,0.0,7.5,0.0,25.4,0.0,21.4,0.0,17.1,0.0,37.7,0.0,18.4,0.0,28.4,0.0,38.1,0.0,41.3,0.0,29.4,0.0,38.8,0.0,42.1,22.2,42.1,32.3,58.0,27.6,51.5,23.7,42.7,21.3,49.3,46.4,76.4,49.6,78.3,48.3,55.0,35.4,55.3,60.6,62.7,79.2,79.1,62.6,98.5,46.2,75.7,58.6,82.2,78.8,84.7,74.8,84.7,52.4,97.1,71.2,93.6,90.4,92.6,97.0,93.2,104.7,73.8,109.2,107.6,192.4,88.5,155.7,91.7,156.4,110.9,128.0,92.9,131.7,99.0,191.6,96.6,162.8,108.5,172.1,95.8,112.0,91.5,216.1,112.7,138.0,93.2,176.5
"농림업",농업,농업총계,재배업,채소,엽채류,엽채류노지재배계,시금치,33.0,0.0,35.4,0.0,35.4,0.0,32.0,0.0,159.0,0.0,135.4,0.0,160.9,0.0,130.7,0.0,125.8,0.0,125.6,0.0,122.8,0.0,134.5,0.0,204.0,0.0,247.1,0.0,311.6,0.0,302.2,0.0,344.8,0.0,192.9,0.0,190.7,0.0,301.6,0.0,316.2,0.0,259.5,0.0,249.5,0.0,285.1,0.0,200.6,20.8,151.9,15.7,227.8,20.5,217.9,13.5,304.9,20.7,252.5,24.6,231.8,25.0,237.8,39.9,284.2,44.9,217.9,34.3,196.1,28.5,253.4,45.0,273.3,47.7,220.0,47.1,207.2,49.2,231.1,36.9,216.2,34.6,219.5,49.0,165.2,36.0,180.2,46.4,184.8,69.8,161.3,84.4,191.4,81.6,188.9,110.2,194.2,95.8,160.5,68.0,149.2,78.0,130.6,85.8,109.7,59.4,127.1,84.0,122.0,71.4,104.6,67.4,73.4,54.7,97.1,79.9
"농림업",농업,농업총계,재배업,채소,엽채류,엽채류노지재배계,상추,-,0.0,-,0.0,-,0.0,-,0.0,-,0.0,-,0.0,-,0.0,-,0.0,-,0.0,107.7,0.0,107.7,0.0,137.7,0.0,189.5,0.0,198.1,0.0,365.4,0.0,378.4,0.0,315.7,0.0,287.8,0.0,314.8,0.0,424.3,0.0,351.9,0.0,395.6,0.0,313.7,0.0,348.9,0.0,294.4,14.7,302.1,19.3,298.5,20.5,302.7,21.0,383.0,30.0,303.9,33.5,361.0,40.0,266.2,34.1,285.4,38.7,277.9,30.4,300.6,35.1,257.6,47.4,195.2,41.2,239.0,54.3,260.7,66.3,259.7,53.7,212.7,25.8,228.2,34.4,169.4,30.7,167.7,47.7,153.8,60.5,102.0,60.0,120.5,53.1,110.7,53.4,99.7,41.9,134.5,50.4,129.0,54.5,98.7,48.1,108.8,45.4,102.4,46.3,89.2,39.3,107.5,49.7,103.2,61.3,113.0,60.6
"농림업",농업,농업총계,재배업,채소,엽채류,엽채류노지재배계,미나리,46.4,0.0,31.5,0.0,35.2,0.0,38.9,0.0,79.5,0.0,74.0,0.0,80.2,0.0,76.6,0.0,79.5,0.0,71.2,0.0,79.2,0.0,78.4,0.0,-,0.0,-,0.0,52.4,0.0,56.6,0.0,48.8,0.0,41.0,0.0,92.7,0.0,133.5,0.0,190.1,0.0,191.2,0.0,218.7,0.0,238.7,0.0,259.0,10.9,223.8,11.3,247.6,8.6,129.7,4.2,257.5,13.4,263.3,18.4,511.2,60.0,580.2,86.3,512.3,79.3,527.5,79.5,317.6,53.0,189.6,25.6,169.5,31.1,215.3,57.2,355.2,76.5,302.2,52.9,269.1,33.2,253.6,34.5,268.7,36.7,243.3,83.1,219.4,76.4,185.6,77.6,217.1,88.6,204.1,91.7,208.9,121.7,166.1,98.0,164.4,53.9,134.0,48.6,94.1,28.8,98.1,34.0,97.4,28.6,97.1,32.3,105.5,53.6,110.7,64.7
"농림업",농업,농업총계,재배업,채소,엽채류,엽채류노지재배계,쑥갓,-,0.0,-,0.0,-,0.0,-,0.0,-,0.0,-,0.0,-,0.0,-,0.0,-,0.0,-,0.0,-,0.0,-,0.0,-,0.0,-,0.0,-,0.0,-,0.0,-,0.0,-,0.0,-,0.0,-,0.0,-,0.0,-,0.0,-,0.0,-,0.0,58.7,1.3,59.3,1.3,69.1,1.5,75.4,1.2,87.9,2.5,185.4,6.3,170.7,5.9,251.0,12.0,196.9,8.1,212.3,6.4,204.3,4.3,151.5,2.7,303.2,11.5,327.8,10.0,314.1,17.6,300.1,15.2,393.0,14.2,453.1,17.4,419.4,21.7,423.7,28.5,196.6,18.3,135.0,16.8,220.5,26.2,127.5,16.7,152.6,14.6,156.3,13.1,131.2,12.9,126.7,14.5,102.8,9.0,97.4,10.4,98.2,10.4,97.4,10.4,104.4,14.6,93.4,14.6
"농림업",농업,농업총계,재배업,채소,엽채류,엽채류노지재배계,부추,-,0.0,-,0.0,-,0.0,-,0.0,-,0.0,-,0.0,-,0.0,-,0.0,-,0.0,-,0.0,-,0.0,-,0.0,-,0.0,-,0.0,-,0.0,-,0.0,-,0.0,-,0.0,-,0.0,-,0.0,-,0.0,-,0.0,-,0.0,-,0.0,-,0.0,-,0.0,-,0.0,-,0.0,-,0.0,-,0.0,-,0.0,-,0.0,-,0.0,-,0.0,-,0.0,-,0.0,-,0.0,-,0.0,-,0.0,175.9,0.0,171.3,0.0,274.0,49.5,217.2,35.6,210.1,46.0,127.3,36.7,304.9,119.2,56.6,21.6,78.6,30.1,80.4,23.9,96.7,23.0,64.6,21.3,61.9,25.9,60.3,18.6,92.7,29.8,101.9,33.9,99.8,43.1,98.2,43.3,135.0,68.4
"농림업",농업,농업총계,재배업,채소,엽채류,엽채류시설재배계,소계,-,0.0,-,0.0,-,0.0,-,0.0,-,0.0,-,0.0,-,0.0,-,0.0,-,0.0,-,0.0,-,0.0,-,0.0,-,0.0,-,0.0,-,0.0,-,0.0,-,0.0,-,0.0,-,0.0,-,0.0,-,0.0,-,0.0,-,0.0,-,0.0,46.8,49.9,50.1,64.8,69.3,96.2,68.4,80.2,90.0,111.0,104.4,153.7,116.9,151.9,99.0,179.5,106.8,179.6,113.7,186.1,119.4,176.7,144.4,314.1,135.4,306.7,126.0,323.7,134.0,386.8,172.4,329.0,151.8,184.4,147.4,312.0,138.9,304.9,136.0,437.2,140.6,601.2,138.5,843.7,159.7,801.6,148.0,817.6,111.3,543.7,118.9,515.0,113.3,549.9,100.0,574.2,99.7,471.7,100.1,519.8,101.0,504.6,98.4,548.5,100.6,672.8,102.3,694.4
"농림업",농업,농업총계,재배업,채소,엽채류,엽채류시설재배계,배추,-,0.0,-,0.0,-,0.0,-,0.0,-,0.0,-,0.0,-,0.0,-,0.0,-,0.0,-,0.0,-,0.0,-,0.0,-,0.0,-,0.0,-,0.0,-,0.0,-,0.0,-,0.0,-,0.0,-,0.0,-,0.0,-,0.0,-,0.0,-,0.0,111.2,15.8,145.1,23.6,187.9,35.3,163.5,26.7,201.2,28.1,204.9,38.0,270.6,28.6,223.9,44.1,244.6,47.3,310.4,49.8,257.4,32.9,307.5,52.2,258.8,56.4,194.9,37.0,240.0,49.7,233.4,41.5,157.1,28.7,201.3,38.4,150.8,25.3,165.6,32.3,152.1,33.5,183.8,40.6,239.5,51.2,152.2,34.3,142.8,35.8,127.2,31.0,99.3,29.0,94.3,23.8,120.2,28.7,78.6,16.9,78.3,17.7,97.5,25.6,124.2,32.4,129.8,39.7
"농림업",농업,농업총계,재배업,채소,엽채류,엽채류시설재배계,시금치,-,0.0,-,0.0,-,0.0,-,0.0,-,0.0,-,0.0,-,0.0,-,0.0,-,0.0,-,0.0,-,0.0,-,0.0,-,0.0,-,0.0,-,0.0,-,0.0,-,0.0,-,0.0,-,0.0,-,0.0,-,0.0,-,0.0,-,0.0,-,0.0,64.5,10.9,84.9,14.2,93.5,13.7,95.7,9.6,123.1,13.6,156.4,24.8,171.6,30.1,142.3,38.8,144.9,37.3,166.7,42.7,150.9,35.7,155.0,44.8,158.0,73.4,154.8,53.9,160.0,61.8,163.3,42.4,147.5,38.4,131.8,47.9,108.0,38.3,129.6,54.3,155.5,95.5,127.0,108.2,151.3,105.0,131.3,124.7,115.1,92.4,117.9,81.3,138.6,117.9,107.2,114.5,98.6,86.9,110.3,118.5,107.3,102.2,97.8,102.5,94.9,115.1,81.1,108.5
"농림업",농업,농업총계,재배업,채소,엽채류,엽채류시설재배계,상추,-,0.0,-,0.0,-,0.0,-,0.0,-,0.0,-,0.0,-,0.0,-,0.0,-,0.0,-,0.0,-,0.0,-,0.0,-,0.0,-,0.0,-,0.0,-,0.0,-,0.0,-,0.0,-,0.0,-,0.0,-,0.0,-,0.0,-,0.0,-,0.0,59.5,22.9,55.6,26.4,86.8,46.9,86.3,43.3,115.8,68.8,131.9,90.0,145.3,92.5,124.7,95.8,137.4,95.0,137.4,93.6,159.2,108.1,202.9,217.1,188.1,176.8,176.3,232.8,186.3,275.3,204.0,245.1,166.3,117.3,155.4,136.2,158.9,167.2,138.9,229.6,151.0,345.2,154.0,525.8,121.1,309.9,116.9,327.7,100.3,244.8,108.9,237.0,101.4,249.1,87.6,248.4,90.3,218.9,96.0,252.2,100.7,258.0,99.0,265.8,100.2,345.7,104.2,324.9
"농림업",농업,농업총계,재배업,채소,엽채류,엽채류시설재배계,미나리,-,0.0,-,0.0,-,0.0,-,0.0,-,0.0,-,0.0,-,0.0,-,0.0,-,0.0,-,0.0,-,0.0,-,0.0,-,0.0,-,0.0,-,0.0,-,0.0,-,0.0,-,0.0,-,0.0,-,0.0,-,0.0,-,0.0,-,0.0,-,0.0,-,0.0,-,0.0,-,0.0,-,0.0,-,0.0,-,0.0,-,0.0,-,0.0,-,0.0,-,0.0,-,0.0,-,0.0,-,0.0,-,0.0,-,0.0,101.9,0.0,95.9,0.0,101.2,12.7,92.9,11.7,95.7,30.0,100.4,32.2,108.8,41.8,149.9,56.3,150.5,62.2,104.9,56.3,122.3,66.4,112.2,33.9,97.9,32.7,104.0,29.3,100.0,31.9,97.7,26.4,98.8,30.2,103.6,48.4,106.0,57.0
"농림업",농업,농업총계,재배업,채소,엽채류,엽채류시설재배계,부추,-,0.0,-,0.0,-,0.0,-,0.0,-,0.0,-,0.0,-,0.0,-,0.0,-,0.0,-,0.0,-,0.0,-,0.0,-,0.0,-,0.0,-,0.0,-,0.0,-,0.0,-,0.0,-,0.0,-,0.0,-,0.0,-,0.0,-,0.0,-,0.0,-,0.0,-,0.0,-,0.0,-,0.0,-,0.0,-,0.0,-,0.0,-,0.0,-,0.0,-,0.0,-,0.0,-,0.0,-,0.0,-,0.0,-,0.0,111.0,0.0,135.8,0.0,144.0,76.9,128.9,62.5,140.5,90.9,111.3,94.8,110.1,127.3,247.5,279.2,237.3,268.7,130.2,114.4,141.4,99.2,123.1,120.0,125.3,154.8,118.2,107.9,105.5,100.3,101.9,100.3,97.4,124.3,100.7,131.3,109.7,164.4
"농림업",농업,농업총계,재배업,채소,과채류,소계,소계,5.9,0.0,6.2,0.0,7.2,0.0,8.3,0.0,9.8,0.0,10.4,0.0,11.2,0.0,12.4,0.0,11.8,0.0,13.2,0.0,6.6,0.0,10.1,0.0,8.4,0.0,8.7,0.0,14.1,0.0,13.8,0.0,11.9,0.0,13.4,0.0,11.6,0.0,14.2,0.0,15.7,0.0,16.0,0.0,14.3,0.0,15.8,0.0,28.2,668.5,29.5,893.9,36.2,1229.5,42.2,1438.4,47.6,1647.7,48.0,2036.7,57.4,2507.8,53.9,2566.3,58.0,2652.2,58.3,2637.8,68.8,2935.4,68.4,2806.3,70.2,3153.3,65.5,3102.6,67.6,3320.4,78.3,3682.2,81.5,3538.6,78.3,3902.0,79.7,3831.3,81.9,4538.4,77.8,4380.0,109.6,4780.8,98.1,4489.5,107.1,5592.3,107.6,5607.5,112.4,5682.6,107.5,5770.3,102.3,5234.2,103.7,4941.4,101.2,5161.2,107.3,5221.0,95.9,5263.0,96.9,5516.5,94.3,5871.9
"농림업",농업,농업총계,재배업,채소,과채류,과채류노지재배계,소계,65.7,0.0,68.1,0.0,80.1,0.0,91.3,0.0,108.0,0.0,114.8,0.0,123.6,0.0,137.6,0.0,130.0,0.0,145.9,0.0,73.3,0.0,111.7,0.0,92.5,0.0,96.3,0.0,155.6,0.0,152.2,0.0,131.3,0.0,148.2,0.0,128.7,0.0,157.0,0.0,173.6,0.0,176.5,0.0,157.7,0.0,174.7,0.0,162.1,243.1,163.9,330.8,198.5,428.7,207.6,408.5,203.1,405.6,177.1,445.8,214.0,491.5,154.8,365.5,158.8,372.5,137.3,301.2,124.1,240.6,120.4,242.4,117.6,240.9,105.2,206.5,108.1,209.4,112.6,227.8,120.4,215.1,113.9,220.8,114.7,198.2,113.1,413.8,102.2,350.5,83.1,328.7,95.2,401.0,103.5,434.9,108.5,457.5,107.8,430.1,108.6,496.0,93.4,419.5,99.5,418.0,101.5,495.5,103.1,427.4,101.8,509.0,95.1,483.0,92.7,482.9
"농림업",농업,농업총계,재배업,채소,과채류,과채류노지재배계,수박,70.8,0.0,67.9,0.0,105.9,0.0,127.4,0.0,143.8,0.0,146.6,0.0,187.0,0.0,182.8,0.0,178.1,0.0,215.1,0.0,161.5,0.0,277.9,0.0,242.9,0.0,261.6,0.0,376.3,0.0,410.8,0.0,356.9,0.0,454.2,0.0,372.6,0.0,477.9,0.0,580.4,0.0,593.2,0.0,514.0,0.0,570.7,0.0,531.0,140.5,548.7,203.3,632.7,267.9,696.5,252.4,650.5,240.0,532.1,262.6,722.0,315.2,469.5,235.2,476.3,240.9,388.0,188.3,312.7,128.1,275.9,114.8,231.5,94.5,181.2,50.7,179.0,61.6,161.2,66.4,156.5,63.6,126.2,54.5,111.1,47.3,121.2,115.1,127.3,108.6,80.7,66.0,98.2,95.9,93.1,86.6,119.0,124.3,121.1,114.1,110.2,120.7,105.6,93.1,113.9,111.2,94.0,101.3,103.7,105.9,101.2,92.6,95.1,73.1,101.9,83.7
"농림업",농업,농업총계,재배업,채소,과채류,과채류노지재배계,오이,91.6,0.0,109.5,0.0,132.3,0.0,155.6,0.0,199.0,0.0,228.5,0.0,226.8,0.0,240.8,0.0,226.2,0.0,261.3,0.0,125.6,0.0,192.1,0.0,196.3,0.0,192.5,0.0,334.1,0.0,261.0,0.0,230.6,0.0,227.3,0.0,214.3,0.0,239.5,0.0,214.9,0.0,197.1,0.0,180.9,0.0,207.7,0.0,188.1,27.9,166.1,32.1,210.2,43.8,174.9,37.2,183.2,41.5,167.6,46.9,179.0,46.3,139.8,30.4,131.4,26.7,151.1,21.5,136.4,25.2,126.9,29.8,145.5,42.5,131.8,43.9,115.7,34.3,125.3,27.7,132.0,30.7,124.0,35.6,109.8,42.7,127.8,55.7,96.8,43.0,76.0,42.6,95.8,55.1,92.6,53.6,79.3,44.0,75.9,40.3,71.5,48.7,77.1,52.5,104.1,67.7,113.3,77.8,95.6,67.8,101.2,77.2,103.2,86.4,73.8,64.6
"농림업",농업,농업총계,재배업,채소,과채류,과채류노지재배계,호박,49.9,0.0,51.3,0.0,49.0,0.0,51.1,0.0,58.9,0.0,63.1,0.0,63.3,0.0,86.7,0.0,79.5,0.0,81.8,0.0,11.1,0.0,14.7,0.0,18.6,0.0,19.5,0.0,27.3,0.0,23.6,0.0,24.2,0.0,21.2,0.0,23.5,0.0,26.6,0.0,26.1,0.0,23.5,0.0,25.1,0.0,25.6,0.0,23.8,11.8,25.3,16.8,42.4,31.0,46.9,32.8,51.5,38.1,55.8,51.7,47.2,48.3,53.9,45.5,59.3,48.5,48.1,40.1,53.9,35.4,62.9,45.0,69.6,74.7,70.4,82.7,80.2,87.6,91.7,95.6,105.1,83.1,106.2,94.1,114.6,74.6,102.8,192.3,95.5,156.9,85.4,188.4,91.7,224.7,112.5,279.3,115.1,270.1,113.0,256.0,119.1,295.7,89.6,234.6,93.5,212.6,101.5,287.5,104.9,226.0,102.6,306.9,92.5,292.0,93.4,298.4
"농림업",농업,농업총계,재배업,채소,과채류,과채류노지재배계,가지,125.8,0.0,115.3,0.0,143.7,0.0,171.9,0.0,201.7,0.0,187.9,0.0,196.7,0.0,185.1,0.0,183.4,0.0,202.6,0.0,211.3,0.0,233.3,0.0,-,0.0,-,0.0,132.1,0.0,182.6,0.0,102.4,0.0,84.6,0.0,55.9,0.0,65.1,0.0,56.2,0.0,128.4,0.0,119.1,0.0,128.4,0.0,125.6,5.1,137.8,7.6,143.5,8.4,125.4,8.4,144.4,10.8,123.5,9.5,130.8,13.1,63.6,7.1,77.8,13.4,80.0,14.7,104.0,18.9,109.4,20.6,102.8,7.2,101.1,9.1,107.2,9.4,109.3,20.0,108.8,19.4,116.9,16.6,139.9,15.1,142.7,11.6,93.9,10.5,88.3,13.3,115.8,25.3,84.5,15.4,87.9,19.2,97.3,19.7,102.8,30.9,128.8,39.3,95.4,26.6,97.4,29.0,103.3,27.6,98.0,32.4,98.7,31.4,104.6,36.2
"농림업",농업,농업총계,재배업,채소,과채류,과채류시설재배계,소계,-,0.0,-,0.0,-,0.0,-,0.0,-,0.0,-,0.0,-,0.0,-,0.0,-,0.0,-,0.0,-,0.0,-,0.0,-,0.0,-,0.0,-,0.0,-,0.0,-,0.0,-,0.0,-,0.0,-,0.0,-,0.0,-,0.0,-,0.0,-,0.0,14.8,425.4,16.2,563.1,20.0,800.9,25.7,1030.0,32.1,1242.1,35.2,1590.9,41.8,2016.3,43.9,2200.8,47.9,2279.7,50.4,2336.6,63.3,2694.8,63.2,2564.0,65.5,2912.4,61.5,2896.1,63.5,3111.0,74.9,3454.4,77.6,3323.4,74.8,3681.2,76.2,3633.1,78.8,4124.6,75.4,4029.5,112.2,4452.1,98.4,4088.5,107.5,5157.5,107.5,5150.0,112.9,5252.5,107.4,5274.3,103.2,4814.8,104.1,4523.4,101.2,4665.7,107.7,4793.6,95.3,4753.9,97.0,5033.5,94.4,5389.0
"농림업",농업,농업총계,재배업,채소,과채류,과채류시설재배계,수박,-,0.0,-,0.0,-,0.0,-,0.0,-,0.0,-,0.0,-,0.0,-,0.0,-,0.0,-,0.0,-,0.0,-,0.0,-,0.0,-,0.0,-,0.0,-,0.0,-,0.0,-,0.0,-,0.0,-,0.0,-,0.0,-,0.0,-,0.0,-,0.0,30.3,84.5,37.0,120.7,52.8,208.3,69.4,255.5,84.8,301.5,107.3,403.0,134.5,533.7,122.3,537.8,156.1,548.5,140.1,479.5,172.4,613.8,176.4,559.8,192.2,523.2,174.9,522.5,161.1,480.0,175.0,753.7,196.5,828.3,170.7,774.9,164.6,753.6,191.6,885.4,187.8,772.6,154.9,818.2,133.7,704.9,143.3,961.8,145.6,984.7,148.7,957.7,137.6,948.2,122.4,688.2,104.6,643.4,101.1,546.5,98.9,462.2,97.1,469.8,104.0,544.9,102.2,617.6
"농림업",농업,농업총계,재배업,채소,과채류,과채류시설재배계,참외,-,0.0,-,0.0,-,0.0,-,0.0,-,0.0,-,0.0,-,0.0,-,0.0,-,0.0,-,0.0,-,0.0,-,0.0,-,0.0,-,0.0,-,0.0,-,0.0,-,0.0,-,0.0,-,0.0,-,0.0,-,0.0,-,0.0,-,0.0,-,0.0,-,84.8,-,97.5,-,144.4,-,190.2,-,223.5,-,330.7,-,486.7,-,453.6,-,436.0,-,482.9,-,483.0,-,420.6,-,365.9,-,401.2,-,385.0,-,376.3,-,325.5,-,410.2,-,399.4,-,452.7,-,461.7,123.6,480.4,106.8,426.9,112.5,506.1,106.5,431.1,95.4,378.5,97.1,375.2,94.7,374.2,100.2,394.6,78.7,327.6,90.6,391.4,89.7,385.6,119.7,575.9,120.9,595.5
"농림업",농업,농업총계,재배업,채소,과채류,과채류시설재배계,오이,-,0.0,-,0.0,-,0.0,-,0.0,-,0.0,-,0.0,-,0.0,-,0.0,-,0.0,-,0.0,-,0.0,-,0.0,-,0.0,-,0.0,-,0.0,-,0.0,-,0.0,-,0.0,-,0.0,-,0.0,-,0.0,-,0.0,-,0.0,-,0.0,46.0,66.5,50.6,92.6,61.8,121.8,69.2,148.0,94.4,209.7,81.0,202.5,91.1,195.6,104.9,265.3,96.8,292.5,120.2,313.3,126.1,275.4,139.7,358.1,136.2,388.0,142.6,505.3,138.4,461.5,123.8,434.4,121.3,398.3,117.7,427.8,99.1,363.2,115.2,381.1,108.7,431.4,95.8,442.7,92.0,396.5,86.9,432.8,77.2,367.7,86.3,405.7,84.2,405.4,105.3,457.5,103.9,407.8,120.0,524.8,113.8,479.8,102.3,491.9,83.9,424.5,87.6,515.8
"농림업",농업,농업총계,재배업,채소,과채류,과채류시설재배계,호박,-,0.0,-,0.0,-,0.0,-,0.0,-,0.0,-,0.0,-,0.0,-,0.0,-,0.0,-,0.0,-,0.0,-,0.0,-,0.0,-,0.0,-,0.0,-,0.0,-,0.0,-,0.0,-,0.0,-,0.0,-,0.0,-,0.0,-,0.0,-,0.0,20.5,12.1,29.3,20.7,28.8,25.5,41.9,31.1,56.5,43.8,43.1,37.9,58.9,52.4,60.3,64.7,59.7,68.5,84.1,97.2,93.5,82.8,99.6,115.5,132.1,170.4,116.9,162.0,101.1,167.6,110.8,176.6,119.7,190.5,105.6,169.6,101.0,159.5,114.0,184.9,133.4,227.9,117.6,212.3,107.9,194.9,100.0,163.4,95.4,180.4,114.5,234.6,121.0,229.9,108.8,205.8,114.7,192.1,102.8,219.5,123.3,201.5,112.6,263.2,64.1,157.6,78.0,195.6
"농림업",농업,농업총계,재배업,채소,과채류,과채류시설재배계,토마토,-,0.0,-,0.0,-,0.0,-,0.0,-,0.0,-,0.0,-,0.0,-,0.0,-,0.0,-,0.0,-,0.0,-,0.0,-,0.0,-,0.0,-,0.0,-,0.0,-,0.0,-,0.0,-,0.0,-,0.0,-,0.0,-,0.0,-,0.0,-,0.0,20.5,36.8,17.7,39.7,20.8,57.9,26.9,82.5,35.7,93.8,36.2,102.5,44.3,149.6,60.4,189.9,65.2,199.3,61.7,220.3,78.4,253.1,75.4,186.2,56.0,212.0,61.1,239.9,73.4,336.3,107.2,581.2,119.6,622.7,118.0,618.1,131.6,658.2,112.8,575.0,105.2,598.5,90.9,600.1,103.0,703.9,121.1,999.7,108.8,925.5,139.9,1087.4,127.9,985.0,109.2,745.5,99.4,670.4,108.8,748.6,100.3,747.3,96.3,754.8,103.4,879.5,106.0,953.8
"농림업",농업,농업총계,재배업,채소,과채류,과채류시설재배계,딸기,-,0.0,-,0.0,-,0.0,-,0.0,-,0.0,-,0.0,-,0.0,-,0.0,-,0.0,-,0.0,-,0.0,-,0.0,-,0.0,-,0.0,-,0.0,-,0.0,-,0.0,-,0.0,-,0.0,-,0.0,-,0.0,-,0.0,-,0.0,-,0.0,-,96.2,-,128.5,-,131.3,-,178.1,-,217.3,-,257.6,-,357.3,-,360.4,-,368.7,-,364.3,-,395.0,-,430.9,-,585.4,-,568.2,-,686.4,-,641.1,-,642.6,-,751.9,-,791.8,-,768.0,-,853.5,119.2,1050.3,88.2,894.0,100.2,1188.8,113.0,1335.9,109.4,1310.6,101.4,1295.9,99.7,1305.7,108.8,1396.4,95.8,1293.6,122.1,1509.3,85.3,1227.0,92.5,1475.7,82.8,1471.7
"농림업",농업,농업총계,재배업,채소,과채류,과채류시설재배계,메론,-,0.0,-,0.0,-,0.0,-,0.0,-,0.0,-,0.0,-,0.0,-,0.0,-,0.0,-,0.0,-,0.0,-,0.0,-,0.0,-,0.0,-,0.0,-,0.0,-,0.0,-,0.0,-,0.0,-,0.0,-,0.0,-,0.0,-,0.0,-,0.0,5.4,1.8,7.4,2.4,10.9,3.0,14.3,5.3,17.8,9.5,21.1,9.1,32.7,13.6,31.2,17.5,35.0,18.7,32.7,18.3,37.0,23.4,42.0,26.3,57.1,67.2,63.4,45.4,76.8,50.6,96.6,54.3,88.1,27.4,101.2,43.9,117.5,51.7,115.9,144.4,123.2,92.8,103.0,94.2,89.2,86.7,112.9,120.3,119.4,126.4,110.8,85.1,102.9,99.2,91.4,94.4,85.7,79.5,87.2,93.1,97.9,99.6,100.3,116.3,101.9,119.5,119.5,157.4
"농림업",농업,농업총계,재배업,채소,과채류,과채류시설재배계,풋고추,-,0.0,-,0.0,-,0.0,-,0.0,-,0.0,-,0.0,-,0.0,-,0.0,-,0.0,-,0.0,-,0.0,-,0.0,-,0.0,-,0.0,-,0.0,-,0.0,-,0.0,-,0.0,-,0.0,-,0.0,-,0.0,-,0.0,-,0.0,-,0.0,23.6,42.6,25.4,60.9,30.3,108.7,43.5,139.4,45.6,143.1,64.9,247.5,70.0,227.3,64.8,311.6,69.2,347.5,80.4,360.7,125.8,568.2,112.3,466.5,131.7,600.4,107.1,451.7,124.0,543.6,145.2,436.9,133.0,288.2,134.2,397.5,144.3,345.7,149.1,619.7,132.6,464.4,122.3,566.4,105.3,484.1,112.5,564.1,103.0,548.6,105.7,534.2,99.8,703.7,96.2,668.3,105.9,486.4,110.2,613.8,100.0,619.6,104.3,710.5,95.7,538.6,83.1,540.7
"농림업",농업,농업총계,재배업,채소,과채류,과채류시설재배계,가지,-,0.0,-,0.0,-,0.0,-,0.0,-,0.0,-,0.0,-,0.0,-,0.0,-,0.0,-,0.0,-,0.0,-,0.0,-,0.0,-,0.0,-,0.0,-,0.0,-,0.0,-,0.0,-,0.0,-,0.0,-,0.0,-,0.0,-,0.0,-,0.0,-,0.0,-,0.0,-,0.0,-,0.0,-,0.0,-,0.0,-,0.0,-,0.0,-,0.0,-,0.0,-,0.0,-,0.0,-,0.0,-,0.0,-,0.0,113.5,0.0,126.5,0.0,130.9,20.3,140.3,16.6,137.2,12.2,107.5,13.1,84.5,13.9,92.3,22.1,89.5,17.8,85.5,20.4,99.3,22.0,100.3,33.0,102.4,34.2,94.4,28.9,98.5,32.1,102.1,29.9,99.4,36.0,98.5,34.4,102.5,38.8
"농림업",농업,농업총계,재배업,채소,과채류,과채류시설재배계,파프리카,-,0.0,-,0.0,-,0.0,-,0.0,-,0.0,-,0.0,-,0.0,-,0.0,-,0.0,-,0.0,-,0.0,-,0.0,-,0.0,-,0.0,-,0.0,-,0.0,-,0.0,-,0.0,-,0.0,-,0.0,-,0.0,-,0.0,-,0.0,-,0.0,-,0.0,-,0.0,-,0.0,-,0.0,-,0.0,-,0.0,-,0.0,-,0.0,-,0.0,-,0.0,-,0.0,-,0.0,-,0.0,-,0.0,-,0.0,25.3,0.0,26.7,0.0,34.7,67.1,35.6,93.4,40.4,101.3,44.4,113.5,51.0,173.7,53.2,174.4,62.4,202.7,77.2,229.2,79.4,236.7,89.9,198.9,95.5,240.9,96.3,223.9,96.3,266.1,99.0,253.0,100.9,298.7,100.1,282.9,101.1,302.0
"농림업",농업,농업총계,재배업,채소,근채류,소계,소계,39.3,0.0,40.0,0.0,38.9,0.0,46.2,0.0,48.4,0.0,51.3,0.0,58.6,0.0,55.0,0.0,53.4,0.0,62.4,0.0,94.7,0.0,121.0,0.0,128.7,0.0,169.6,0.0,157.6,0.0,148.2,0.0,148.7,0.0,154.2,0.0,116.2,0.0,131.1,0.0,121.5,0.0,132.3,0.0,123.1,0.0,131.3,0.0,142.2,277.4,135.5,295.1,129.3,302.6,124.9,296.6,135.0,293.5,133.6,387.1,130.0,380.7,144.3,411.8,137.5,451.5,134.4,484.5,125.0,452.2,147.6,518.4,144.8,491.3,121.2,495.0,129.7,490.9,131.6,431.4,110.3,424.6,127.7,428.5,100.0,434.2,118.3,439.4,108.7,426.6,94.5,594.7,105.6,558.5,94.8,584.1,107.3,642.9,108.5,582.5,113.5,591.0,88.6,630.9,97.5,595.8,101.9,699.7,92.5,683.6,102.8,651.9,104.6,641.3,100.4,638.8
"농림업",농업,농업총계,재배업,채소,근채류,근채류노지재배계,소계,40.0,0.0,40.7,0.0,39.6,0.0,47.1,0.0,49.2,0.0,52.2,0.0,59.6,0.0,56.0,0.0,54.4,0.0,63.6,0.0,96.4,0.0,123.2,0.0,131.1,0.0,172.7,0.0,160.4,0.0,150.9,0.0,151.4,0.0,157.0,0.0,118.4,0.0,133.5,0.0,123.8,0.0,134.8,0.0,125.4,0.0,133.7,0.0,139.9,263.6,133.7,282.1,126.3,285.3,121.2,276.0,131.0,275.2,128.5,354.5,124.1,354.1,137.1,369.3,129.4,407.0,125.1,441.3,115.4,407.6,136.0,456.9,134.4,417.9,111.5,436.4,119.6,446.5,119.2,370.7,101.9,377.4,117.3,374.0,91.8,394.9,111.9,405.0,102.2,391.4,93.7,575.0,103.9,538.0,94.0,568.9,106.7,627.7,107.9,566.6,113.1,576.3,88.3,618.4,97.3,583.5,101.5,688.0,92.9,673.8,102.3,637.3,104.8,630.6,100.9,630.7
"농림업",농업,농업총계,재배업,채소,근채류,근채류노지재배계,무,52.3,0.0,53.2,0.0,51.7,0.0,61.5,0.0,64.3,0.0,68.2,0.0,77.9,0.0,73.2,0.0,71.0,0.0,81.6,0.0,122.1,0.0,151.1,0.0,165.3,0.0,214.6,0.0,185.6,0.0,175.9,0.0,179.7,0.0,175.7,0.0,139.8,0.0,155.0,0.0,141.4,0.0,152.0,0.0,137.0,0.0,151.1,0.0,156.6,222.1,150.3,222.7,130.5,219.3,125.8,206.1,132.4,200.4,130.1,273.3,115.0,249.2,138.6,277.1,113.8,281.8,124.3,311.1,109.8,311.8,134.4,323.2,133.9,319.1,107.1,325.9,119.6,332.4,129.1,307.5,97.5,321.5,113.4,294.0,90.7,316.0,111.6,304.2,98.6,271.4,88.8,450.4,104.5,388.5,97.6,447.1,111.8,474.8,111.7,430.0,107.6,425.2,87.3,486.3,100.2,464.5,106.5,550.8,96.9,563.3,101.3,443.3,101.8,465.5,104.0,484.4
"농림업",농업,농업총계,재배업,채소,근채류,근채류노지재배계,당근,-,0.0,-,0.0,-,0.0,-,0.0,-,0.0,-,0.0,-,0.0,-,0.0,-,0.0,6.5,0.0,16.5,0.0,42.4,0.0,25.6,0.0,47.6,0.0,95.1,0.0,80.4,0.0,74.7,0.0,125.5,0.0,63.7,0.0,83.4,0.0,87.0,0.0,98.1,0.0,116.1,0.0,101.9,0.0,99.3,34.8,92.7,51.6,129.9,56.5,123.5,62.3,150.0,64.7,147.4,73.2,169.8,90.3,168.2,86.4,229.9,120.1,155.7,120.5,161.9,83.7,166.0,119.9,164.2,88.7,145.7,100.2,133.2,95.2,85.6,38.1,126.0,37.9,139.5,53.0,82.1,43.6,106.6,65.3,105.7,79.9,109.3,81.2,100.3,101.9,68.3,72.4,85.4,107.8,89.2,82.8,126.9,98.1,78.2,92.2,79.2,88.9,78.3,101.3,72.1,74.7,108.0,152.3,120.0,112.8,87.3,109.7
"농림업",농업,농업총계,재배업,채소,근채류,근채류노지재배계,우엉,-,0.0,-,0.0,-,0.0,-,0.0,-,0.0,-,0.0,-,0.0,-,0.0,-,0.0,-,0.0,-,0.0,-,0.0,-,0.0,-,0.0,186.1,0.0,248.1,0.0,72.7,0.0,35.6,0.0,7.2,0.0,10.1,0.0,12.7,0.0,123.9,0.0,-,0.0,-,0.0,218.8,2.5,174.0,3.6,221.8,2.9,237.7,4.2,219.4,4.7,155.4,4.4,255.6,3.5,46.9,2.0,81.5,1.9,92.1,4.4,106.5,4.9,131.2,3.8,129.8,4.3,132.8,3.2,143.7,5.2,195.9,7.9,222.9,6.2,210.2,7.4,329.9,7.8,276.6,8.6,220.8,7.3,114.2,5.2,110.7,6.6,269.3,10.7,113.6,7.8,179.6,13.7,202.6,8.7,126.9,4.7,114.8,4.0,113.9,4.2,105.3,5.0,97.6,5.9,97.1,6.7,96.3,7.0
"농림업",농업,농업총계,재배업,채소,근채류,근채류노지재배계,토란,-,0.0,-,0.0,-,0.0,-,0.0,-,0.0,-,0.0,-,0.0,-,0.0,-,0.0,-,0.0,-,0.0,-,0.0,-,0.0,-,0.0,-,0.0,-,0.0,-,0.0,-,0.0,-,0.0,-,0.0,-,0.0,-,0.0,-,0.0,-,0.0,-,3.4,-,2.9,-,4.1,-,2.2,-,2.8,-,2.0,-,4.1,-,1.2,-,0.0,-,0.0,-,0.0,-,0.0,-,0.0,-,0.0,-,0.0,-,0.0,-,0.0,-,3.8,-,4.1,-,3.8,-,6.4,-,7.2,-,4.6,-,7.4,-,7.0,-,5.9,-,4.6,-,6.8,-,3.3,-,6.6,-,5.3,-,3.8,-,6.4,-,-
"농림업",농업,농업총계,재배업,채소,근채류,근채류노지재배계,연근,-,0.0,-,0.0,-,0.0,-,0.0,-,0.0,-,0.0,-,0.0,-,0.0,-,0.0,-,0.0,-,0.0,-,0.0,-,0.0,-,0.0,-,0.0,-,0.0,-,0.0,-,0.0,-,0.0,-,0.0,-,0.0,-,0.0,-,0.0,-,0.0,13.7,0.9,16.3,1.2,31.4,2.5,22.0,1.2,25.4,2.6,31.0,1.6,80.2,6.9,18.2,2.6,19.1,3.2,33.3,5.3,38.0,7.3,54.7,10.0,36.2,5.8,53.9,7.2,66.2,13.7,72.0,17.1,63.3,11.8,84.0,15.9,103.8,23.5,108.7,23.1,124.0,26.3,111.2,31.1,106.1,36.5,101.2,31.4,102.5,30.3,105.1,34.2,134.4,39.7,133.7,28.4,113.8,22.8,104.5,25.0,103.1,25.4,98.2,31.9,98.7,39.2,101.8,29.7
"농림업",농업,농업총계,재배업,채소,근채류,근채류시설재배계,소계,-,0.0,-,0.0,-,0.0,-,0.0,-,0.0,-,0.0,-,0.0,-,0.0,-,0.0,-,0.0,-,0.0,-,0.0,-,0.0,-,0.0,-,0.0,-,0.0,-,0.0,-,0.0,-,0.0,-,0.0,-,0.0,-,0.0,-,0.0,-,0.0,265.5,13.9,230.9,13.1,291.4,17.2,324.6,20.7,359.1,18.3,413.3,32.6,451.8,26.6,539.3,42.6,580.4,44.5,645.2,43.2,650.5,44.6,782.8,61.5,715.3,73.5,654.8,58.6,682.8,44.4,812.6,60.7,572.0,47.2,693.2,54.5,549.4,39.3,466.8,34.4,466.1,35.3,134.7,19.6,200.2,20.5,140.1,15.2,136.9,15.2,137.1,15.9,133.0,14.6,102.3,12.5,109.9,12.3,123.7,11.8,75.1,9.9,131.4,14.6,93.5,10.7,75.3,8.0
"농림업",농업,농업총계,재배업,채소,근채류,근채류시설재배계,무,-,0.0,-,0.0,-,0.0,-,0.0,-,0.0,-,0.0,-,0.0,-,0.0,-,0.0,-,0.0,-,0.0,-,0.0,-,0.0,-,0.0,-,0.0,-,0.0,-,0.0,-,0.0,-,0.0,-,0.0,-,0.0,-,0.0,-,0.0,-,0.0,265.5,13.3,230.9,12.9,291.4,17.1,324.6,20.4,359.1,18.0,413.3,30.1,451.8,25.5,539.3,41.8,580.4,44.5,645.2,43.2,650.5,44.6,782.8,61.5,715.3,73.5,654.8,58.6,682.8,44.4,812.6,60.7,572.0,47.2,693.2,54.5,549.4,39.3,466.8,34.4,466.1,35.3,134.7,19.6,200.2,20.5,140.1,15.2,136.9,15.2,137.1,15.9,133.0,14.6,102.3,12.5,109.9,12.3,123.7,11.8,75.1,9.9,131.4,14.6,93.5,10.7,75.3,8.0
"농림업",농업,농업총계,재배업,채소,조미채소,소계,소계,21.3,0.0,30.7,0.0,31.0,0.0,37.3,0.0,31.3,0.0,28.3,0.0,35.7,0.0,36.5,0.0,37.5,0.0,37.8,0.0,59.5,0.0,70.7,0.0,75.1,0.0,40.5,0.0,95.1,0.0,85.9,0.0,79.9,0.0,85.7,0.0,110.2,0.0,77.9,0.0,106.3,0.0,129.7,0.0,110.6,0.0,129.8,0.0,112.9,1144.8,106.3,1612.2,119.2,1786.8,137.4,2085.4,129.8,2068.4,122.2,2326.4,146.3,2882.6,142.9,2565.2,134.2,2353.2,120.6,2663.8,155.0,2513.7,144.4,2335.5,137.8,2454.1,135.1,2000.3,109.5,2311.4,125.2,2276.5,124.8,1843.5,104.1,1633.5,124.8,1715.8,110.2,3046.3,110.3,3504.7,97.1,3693.1,97.1,4246.6,98.7,4886.5,113.9,4505.9,105.7,3226.8,93.2,3334.7,96.5,3744.6,86.0,3672.9,97.6,3688.2,105.1,3381.8,88.7,3333.6,106.2,4984.7,85.1,3858.9
"농림업",농업,농업총계,재배업,채소,조미채소,고추(건),소계,60.1,0.0,87.0,0.0,86.7,0.0,109.2,0.0,81.0,0.0,69.4,0.0,95.8,0.0,95.0,0.0,99.6,0.0,92.0,0.0,165.9,0.0,204.0,0.0,183.0,0.0,54.7,0.0,145.8,0.0,162.2,0.0,178.5,0.0,169.2,0.0,251.9,0.0,151.7,0.0,214.4,0.0,256.6,0.0,178.9,0.0,271.1,0.0,192.9,248.5,172.2,427.2,183.3,662.8,222.8,1041.0,242.6,1043.1,228.7,914.5,250.8,1199.6,283.4,1356.6,260.4,989.1,190.2,983.5,279.4,1114.2,251.4,1043.9,233.6,1183.7,250.0,904.3,171.2,816.5,201.0,953.5,209.3,860.6,151.7,815.7,208.1,999.0,160.2,1174.4,152.2,1255.4,123.7,1072.0,100.0,1326.0,135.1,2152.2,152.8,1618.0,110.3,937.9,126.7,997.4,110.9,664.5,72.3,697.3,92.8,1017.9,101.7,1081.4,77.9,812.9,120.3,1192.4,89.5,955.6
"농림업",농업,농업총계,재배업,채소,조미채소,마늘,소계,12.6,0.0,18.7,0.0,20.4,0.0,21.3,0.0,22.4,0.0,22.1,0.0,23.1,0.0,24.8,0.0,25.7,0.0,27.6,0.0,29.1,0.0,30.0,0.0,44.2,0.0,47.1,0.0,99.1,0.0,71.6,0.0,43.5,0.0,52.6,0.0,62.3,0.0,56.7,0.0,72.5,0.0,104.7,0.0,113.5,0.0,85.9,0.0,101.1,560.2,118.0,836.3,136.0,755.8,131.5,759.2,111.2,716.0,102.6,972.4,130.7,1219.0,129.1,746.7,111.5,786.0,111.5,1070.9,137.0,735.2,134.3,532.4,115.1,583.2,111.7,525.1,107.3,556.7,101.3,633.8,106.2,535.2,93.8,390.3,98.4,399.9,106.3,934.2,101.2,1088.6,76.9,1179.4,83.5,1441.7,96.0,1494.5,116.7,1363.3,100.2,1002.6,75.4,773.0,78.0,1181.0,85.9,1116.9,93.9,1015.1,109.8,933.9,102.9,856.5,87.4,1372.2,77.2,1285.5
"농림업",농업,농업총계,재배업,채소,조미채소,파,소계,7.7,0.0,10.4,0.0,9.1,0.0,9.0,0.0,12.6,0.0,15.3,0.0,15.7,0.0,15.6,0.0,15.8,0.0,16.5,0.0,25.2,0.0,21.2,0.0,45.0,0.0,44.3,0.0,109.2,0.0,99.3,0.0,88.9,0.0,102.1,0.0,86.6,0.0,94.3,0.0,114.3,0.0,133.7,0.0,108.7,0.0,117.9,0.0,119.8,206.3,101.6,214.4,116.7,201.7,131.6,152.7,121.1,171.4,108.5,214.8,120.7,222.9,114.0,232.0,105.7,257.8,109.2,280.3,132.4,374.2,143.6,402.0,138.7,333.7,109.4,284.4,116.7,612.5,152.8,386.5,112.0,174.0,118.5,188.9,106.7,109.0,110.2,398.5,97.5,439.8,91.0,633.8,105.2,617.1,77.8,493.0,94.0,574.4,101.0,399.3,87.2,474.2,89.4,650.5,105.9,653.0,106.9,643.7,101.2,462.2,91.2,551.2,107.6,942.3,97.9,565.3
"농림업",농업,농업총계,재배업,채소,조미채소,양파,소계,2.9,0.0,3.6,0.0,4.1,0.0,4.7,0.0,6.8,0.0,5.8,0.0,6.2,0.0,8.3,0.0,6.3,0.0,8.9,0.0,6.6,0.0,8.6,0.0,17.8,0.0,11.4,0.0,27.2,0.0,19.0,0.0,19.5,0.0,30.4,0.0,37.5,0.0,11.8,0.0,30.4,0.0,26.2,0.0,36.3,0.0,36.4,0.0,38.6,96.4,28.2,95.5,36.6,120.7,56.0,73.4,38.4,62.8,37.4,82.2,67.4,161.6,40.0,161.1,51.2,176.3,60.3,230.5,64.7,262.5,60.7,323.1,74.2,287.6,64.5,238.9,51.5,298.0,65.5,258.7,70.7,214.8,61.5,209.5,83.9,165.9,71.6,494.2,94.9,662.7,97.6,717.8,105.1,794.7,82.7,674.5,89.5,858.8,109.9,778.2,75.6,900.3,89.8,1048.1,79.1,1119.3,105.1,914.1,110.2,702.4,80.8,943.1,109.0,1344.3,82.7,975.6
"농림업",농업,농업총계,재배업,채소,조미채소,생강,소계,-,0.0,-,0.0,-,0.0,-,0.0,-,0.0,-,0.0,-,0.0,-,0.0,-,0.0,24.3,0.0,45.9,0.0,69.4,0.0,63.9,0.0,69.1,0.0,106.9,0.0,54.0,0.0,29.6,0.0,47.3,0.0,65.7,0.0,87.6,0.0,76.3,0.0,109.0,0.0,122.2,0.0,140.4,0.0,110.6,33.4,111.5,38.7,120.6,45.8,155.3,59.0,131.2,75.1,149.1,142.4,171.4,79.5,90.6,68.7,106.3,144.0,153.3,98.7,129.1,27.5,53.2,34.2,66.8,65.9,97.0,47.7,62.3,27.8,58.0,43.9,93.6,58.8,75.0,29.2,93.4,41.9,57.8,45.0,52.8,58.2,81.1,90.2,86.4,67.1,69.9,72.3,79.8,91.4,104.3,108.8,126.7,189.8,191.5,200.5,133.7,86.5,69.2,97.5,81.1,201.9,102.5,169.9,116.4,133.6,71.9,76.9
"농림업",농업,농업총계,재배업,채소,양채류,소계,소계,-,0.0,-,0.0,-,0.0,-,0.0,-,0.0,-,0.0,-,0.0,-,0.0,-,0.0,-,0.0,-,0.0,-,0.0,-,0.0,-,0.0,-,0.0,-,0.0,-,0.0,-,0.0,-,0.0,-,0.0,-,0.0,-,0.0,-,0.0,-,0.0,-,5.2,-,7.6,-,6.4,-,8.5,-,8.1,-,12.3,18.6,9.1,17.7,10.9,25.0,22.5,23.0,23.7,24.4,17.0,68.0,60.3,61.6,63.8,92.0,111.2,131.0,194.3,128.9,187.4,138.5,162.6,130.2,225.3,130.1,251.7,145.0,216.4,130.4,238.2,120.8,245.2,107.8,176.5,100.5,216.7,109.4,247.8,109.3,255.9,195.2,443.1,102.8,193.2,105.3,161.1,103.1,163.1,100.0,170.3,103.4,191.6,96.6,189.2,104.3,221.9
"농림업",농업,농업총계,재배업,과실,소계,소계,소계,16.6,0.0,18.0,0.0,19.5,0.0,21.2,0.0,22.7,0.0,22.9,0.0,21.9,0.0,26.8,0.0,29.9,0.0,31.6,0.0,27.7,0.0,32.2,0.0,38.6,0.0,40.1,0.0,42.0,0.0,40.5,0.0,49.7,0.0,56.4,0.0,66.7,0.0,59.8,0.0,70.6,0.0,72.2,0.0,74.8,0.0,81.2,0.0,97.5,1429.7,81.2,1309.7,82.1,1594.1,96.5,1687.4,89.5,1708.7,93.2,2479.5,113.1,3026.5,112.8,2526.1,125.0,3137.1,113.9,2697.7,125.5,3199.4,129.6,2580.5,129.4,2076.7,129.1,2582.7,116.4,2348.5,123.7,2941.6,132.2,3081.7,124.0,2970.6,132.6,2822.3,132.3,4400.5,121.2,4099.9,106.8,4095.3,99.5,4146.7,95.7,4242.6,103.7,4858.2,111.1,4250.3,114.1,4317.4,115.9,4495.3,112.4,4735.6,102.1,4508.4,104.8,4546.7,93.6,4588.7,101.5,5683.4,107.9,5822.6
"농림업",농업,농업총계,재배업,과실,과실(감제외),소계,소계,16.8,-,18.3,-,19.9,-,21.1,-,22.8,-,23.2,-,22.6,-,27.4,-,30.7,-,32.0,-,28.9,-,34.0,-,40.2,-,41.8,-,43.7,-,42.2,-,51.8,-,58.0,-,67.5,-,61.2,-,71.4,-,73.0,-,77.1,-,82.8,-,99.6,-,82.9,-,83.2,-,96.4,-,90.9,-,92.9,-,113.4,-,112.3,-,124.2,-,111.0,-,123.1,-,126.9,-,127.8,-,127.2,-,115.2,-,120.9,-,127.4,-,119.6,-,127.7,-,126.2,-,119.4,-,104.6,-,96.5,-,91.9,-,101.5,-,107.0,-,111.4,-,114.7,-,110.8,-,100.9,-,104.2,-,93.8,-,102.0,5260.0,108.4,5437.6
"농림업",농업,농업총계,재배업,과실,과실(감제외),사과,소계,34.0,0.0,35.5,0.0,38.6,0.0,40.5,0.0,44.7,0.0,43.2,0.0,44.9,0.0,53.2,0.0,59.2,0.0,60.5,0.0,56.9,0.0,63.8,0.0,80.4,0.0,87.2,0.0,90.3,0.0,83.5,0.0,106.5,0.0,107.3,0.0,119.3,0.0,107.5,0.0,108.4,0.0,109.5,0.0,113.2,0.0,130.4,0.0,137.6,508.9,128.1,439.7,110.4,484.8,141.5,564.0,125.4,575.0,125.5,745.9,145.8,896.2,132.6,628.0,132.7,674.0,93.5,535.5,99.8,737.5,99.6,497.2,82.2,437.2,88.2,631.1,74.4,422.6,72.7,472.1,74.8,467.1,83.0,527.2,88.7,514.3,95.9,834.5,100.7,853.0,93.7,801.6,77.3,741.2,80.3,1017.5,100.5,1315.3,96.7,1165.6,118.7,1448.4,117.4,1136.6,111.0,1110.3,96.8,968.2,109.0,1077.2,85.9,1100.4,105.1,1376.9,115.3,1342.6
"농림업",농업,농업총계,재배업,과실,과실(감제외),배,소계,21.8,0.0,22.8,0.0,22.5,0.0,26.4,0.0,25.4,0.0,28.7,0.0,26.6,0.0,27.6,0.0,28.9,0.0,31.2,0.0,27.2,0.0,34.0,0.0,43.4,0.0,37.4,0.0,36.1,0.0,32.9,0.0,39.5,0.0,53.2,0.0,58.7,0.0,56.0,0.0,70.7,0.0,74.5,0.0,79.9,0.0,105.8,0.0,109.7,144.3,87.9,117.2,91.2,166.9,95.8,170.0,89.5,176.4,90.4,237.6,98.4,286.5,121.0,373.6,143.6,484.3,143.4,453.5,143.0,515.2,178.9,387.2,230.2,419.9,213.2,350.2,174.7,293.0,249.4,388.7,244.6,338.7,238.1,282.9,258.0,324.5,259.8,581.8,230.9,685.4,169.9,550.0,160.3,578.8,95.3,449.6,155.7,757.3,167.1,631.1,144.0,425.9,131.4,425.1,146.7,434.0,112.1,311.7,110.8,451.3,73.2,276.2,116.1,626.8,138.6,548.9
"농림업",농업,농업총계,재배업,과실,과실(감제외),복숭아,소계,27.6,0.0,32.0,0.0,35.8,0.0,36.3,0.0,34.7,0.0,39.6,0.0,33.5,0.0,40.4,0.0,42.8,0.0,44.9,0.0,30.9,0.0,43.5,0.0,42.6,0.0,46.0,0.0,46.9,0.0,45.0,0.0,45.0,0.0,46.1,0.0,50.3,0.0,49.8,0.0,66.7,0.0,70.3,0.0,69.9,0.0,68.3,0.0,67.5,85.5,58.1,129.6,61.7,147.9,58.7,145.4,62.6,151.1,58.2,188.0,65.8,191.4,64.7,183.5,74.5,222.4,76.7,193.1,79.7,214.1,86.2,185.1,84.3,156.5,95.1,167.5,96.1,192.3,101.7,190.7,113.5,199.6,98.3,209.6,93.6,180.4,95.9,391.9,68.4,318.5,68.3,398.4,64.8,435.2,68.4,453.6,64.6,485.3,67.5,494.6,78.0,455.6,105.3,652.9,112.7,698.2,104.9,728.2,106.7,646.0,95.9,600.5,97.4,751.5,97.0,750.5
"농림업",농업,농업총계,재배업,과실,과실(감제외),포도,소계,11.1,0.0,13.6,0.0,15.0,0.0,16.5,0.0,22.4,0.0,20.5,0.0,20.2,0.0,28.8,0.0,34.1,0.0,35.5,0.0,29.9,0.0,39.9,0.0,34.8,0.0,33.3,0.0,32.3,0.0,34.0,0.0,43.0,0.0,56.9,0.0,78.6,0.0,74.8,0.0,89.9,0.0,99.2,0.0,94.9,0.0,93.6,0.0,94.1,123.8,78.8,105.7,88.7,139.4,87.8,160.3,98.2,180.3,127.1,471.6,189.8,608.5,214.3,374.4,235.8,608.8,238.6,508.0,282.0,589.5,285.2,513.5,272.0,253.1,253.1,550.1,225.8,636.0,220.6,785.2,228.8,496.2,197.9,536.4,197.1,525.4,200.1,1088.5,167.5,698.4,154.2,667.6,135.9,608.6,141.0,685.7,131.8,544.2,137.3,491.8,134.2,586.1,137.5,617.7,114.1,593.8,105.2,623.9,99.7,645.8,99.5,693.0,100.8,862.7,113.2,1049.2
"농림업",농업,농업총계,재배업,과실,과실(감제외),감귤,소계,0.2,0.0,0.3,0.0,0.3,0.0,0.6,0.0,0.4,0.0,0.8,0.0,1.0,0.0,1.8,0.0,4.2,0.0,4.8,0.0,10.5,0.0,6.7,0.0,15.9,0.0,16.8,0.0,22.7,0.0,25.2,0.0,32.5,0.0,43.5,0.0,51.5,0.0,40.7,0.0,57.8,0.0,52.9,0.0,68.7,0.0,64.7,0.0,116.4,377.1,76.8,286.5,86.7,395.1,112.1,396.7,96.5,396.3,85.6,507.9,95.8,709.3,80.1,544.8,101.2,715.9,79.8,591.8,97.3,747.5,87.8,633.6,100.5,389.2,100.2,440.1,98.5,362.3,91.1,449.3,99.4,810.8,96.7,620.9,121.2,452.6,99.3,639.5,113.4,875.7,95.8,931.1,100.5,933.9,102.0,783.7,102.1,878.6,107.2,662.1,99.8,636.7,95.1,926.9,93.1,979.6,96.8,960.9,98.2,848.3,102.7,989.6,99.1,1065.0,95.2,1093.0
"농림업",농업,농업총계,재배업,과실,과실(감제외),자두,소계,-,0.0,-,0.0,-,0.0,-,0.0,-,0.0,-,0.0,-,0.0,-,0.0,-,0.0,-,0.0,-,0.0,-,0.0,-,0.0,-,0.0,-,0.0,-,0.0,-,0.0,-,0.0,-,0.0,-,0.0,-,0.0,-,0.0,-,0.0,-,0.0,43.4,8.7,50.0,16.7,47.7,17.0,44.8,21.8,40.4,11.8,41.2,20.5,50.1,17.2,56.8,41.2,71.4,53.9,77.3,45.3,86.6,65.1,102.5,76.5,114.7,101.7,149.8,63.8,153.5,64.4,142.7,81.9,150.5,49.2,127.7,79.8,128.5,61.6,132.3,102.5,126.1,89.6,92.1,85.2,80.5,82.7,80.6,76.1,81.5,137.3,87.4,126.6,97.9,160.5,126.4,161.4,124.4,200.7,106.6,201.5,101.2,134.8,99.1,181.6,99.6,187.3,103.8,199.7
"농림업",농업,농업총계,재배업,과실,과실(감제외),매실,소계,-,0.0,-,0.0,-,0.0,-,0.0,-,0.0,-,0.0,-,0.0,-,0.0,-,0.0,-,0.0,-,0.0,-,0.0,-,0.0,-,0.0,-,0.0,-,0.0,-,0.0,-,0.0,-,0.0,-,0.0,-,0.0,-,0.0,-,0.0,-,0.0,14.5,4.5,15.7,4.0,16.3,5.8,20.1,5.7,17.9,4.0,18.6,5.4,20.9,6.2,18.8,5.7,2.8,1.1,17.4,9.6,18.6,14.2,19.8,17.6,23.1,29.7,24.3,17.1,30.2,19.6,37.8,19.9,64.2,30.7,64.0,34.1,69.4,45.4,72.5,49.1,84.6,56.9,97.2,69.4,100.6,74.8,95.0,121.0,115.0,129.7,126.0,72.1,105.7,68.1,99.7,58.1,93.9,51.3,88.7,47.1,119.8,72.5,102.8,90.4,77.4,55.2,78.8,61.5
"농림업",농업,농업총계,재배업,과실,과실(감제외),유자,소계,-,0.0,-,0.0,-,0.0,-,0.0,-,0.0,-,0.0,-,0.0,-,0.0,-,0.0,-,0.0,-,0.0,-,0.0,-,0.0,-,0.0,-,0.0,-,0.0,-,0.0,-,0.0,-,0.0,-,0.0,-,0.0,-,0.0,-,0.0,-,0.0,113.7,18.9,69.3,20.3,114.2,34.3,117.9,30.2,151.2,39.4,150.6,43.8,199.1,33.1,222.9,23.2,221.2,25.4,238.7,19.2,151.2,13.2,162.9,11.4,131.3,12.1,111.5,14.5,88.8,9.4,139.7,14.0,230.3,35.7,136.7,30.7,134.9,27.0,151.1,24.3,182.3,27.1,143.5,37.2,148.5,50.0,128.1,35.5,117.3,38.4,112.3,31.9,133.9,34.2,136.0,26.1,86.0,18.8,62.9,19.5,67.1,29.0,127.4,52.1,105.5,35.2,108.3,38.7
"농림업",농업,농업총계,재배업,과실,과실(감제외),참다래,소계,-,0.0,-,0.0,-,0.0,-,0.0,-,0.0,-,0.0,-,0.0,-,0.0,-,0.0,-,0.0,-,0.0,-,0.0,-,0.0,-,0.0,-,0.0,-,0.0,-,0.0,-,0.0,-,0.0,-,0.0,-,0.0,-,0.0,-,0.0,-,0.0,16.5,3.6,25.8,7.4,30.3,11.4,39.0,9.9,40.3,10.4,41.3,11.1,57.5,14.0,60.7,21.0,66.9,21.6,69.2,20.9,62.2,22.1,65.3,23.0,60.0,21.9,51.8,20.9,49.5,18.6,60.3,23.4,69.9,31.5,72.1,32.0,83.3,34.2,82.2,40.1,94.3,58.2,106.5,68.2,106.8,64.9,95.5,58.8,91.8,59.7,113.0,88.0,118.6,74.3,101.3,71.8,110.8,77.7,99.5,73.0,110.8,82.5,95.4,75.6,93.8,86.2,97.6,94.2
"농림업",농업,농업총계,재배업,과실,과실(감제외),무화과,소계,-,0.0,-,0.0,-,0.0,-,0.0,-,0.0,-,0.0,-,0.0,-,0.0,-,0.0,-,0.0,-,0.0,-,0.0,-,0.0,-,0.0,-,0.0,-,0.0,-,0.0,-,0.0,-,0.0,-,0.0,-,0.0,-,0.0,-,0.0,-,0.0,95.8,0.0,101.7,0.0,88.7,0.0,52.0,0.0,92.6,0.0,117.5,0.0,128.8,0.0,-,0.0,-,0.0,-,0.0,-,0.0,-,0.0,-,0.0,-,0.0,-,0.0,-,0.0,-,0.0,-,0.0,-,0.0,-,0.0,95.8,0.0,101.7,0.0,88.7,36.0,52.0,15.1,92.6,50.8,117.5,38.0,128.8,45.2,130.1,31.3,127.8,31.5,120.0,31.4,104.2,22.3,111.8,34.9,84.0,33.5,69.0,26.6
"농림업",농업,농업총계,재배업,과실,과실(감제외),블루베리,소계,-,0.0,-,0.0,-,0.0,-,0.0,-,0.0,-,0.0,-,0.0,-,0.0,-,0.0,-,0.0,-,0.0,-,0.0,-,0.0,-,0.0,-,0.0,-,0.0,-,0.0,-,0.0,-,0.0,-,0.0,-,0.0,-,0.0,-,0.0,-,0.0,-,0.0,-,0.0,-,0.0,-,0.0,-,0.0,-,0.0,-,0.0,-,0.0,-,0.0,-,0.0,-,0.0,-,0.0,-,0.0,-,0.0,-,0.0,-,0.0,-,0.0,-,0.0,-,0.0,-,0.0,-,0.0,-,0.0,-,0.0,-,0.0,-,0.0,58.0,0.0,90.7,0.0,109.2,0.0,102.9,142.6,106.1,147.8,99.2,145.2,98.8,160.8,102.0,179.6,110.0,211.4
"농림업",농업,농업총계,재배업,과실,과실(감제외),살구,소계,-,-,-,-,-,-,-,-,-,-,-,-,-,-,-,-,-,-,-,-,-,-,-,-,-,-,-,-,-,-,-,-,-,-,-,-,-,-,-,-,-,-,-,-,-,-,-,-,-,-,-,-,-,-,-,-,-,-,-,-,-,-,-,-,-,-,-,-,-,-,-,-,-,-,-,-,-,-,-,-,-,-,-,-,-,-,-,-,-,-,-,-,-,-,-,-,-,-,-,-,-,-,-,-,-,-,-,-,-,-,-,-,-,-,98.0,5.6
"농림업",농업,농업총계,재배업,과실,과실(감제외),체리,소계,-,-,-,-,-,-,-,-,-,-,-,-,-,-,-,-,-,-,-,-,-,-,-,-,-,-,-,-,-,-,-,-,-,-,-,-,-,-,-,-,-,-,-,-,-,-,-,-,-,-,-,-,-,-,-,-,-,-,-,-,-,-,-,-,-,-,-,-,-,-,-,-,-,-,-,-,-,-,-,-,-,-,-,-,-,-,-,-,-,-,-,-,-,-,-,-,-,-,-,-,-,-,-,-,-,-,-,-,-,-,-,-,-,-,109.7,15.6
"농림업",농업,농업총계,재배업,과실,감,소계,소계,14.8,0.0,13.9,0.0,14.9,0.0,21.8,0.0,21.3,0.0,19.4,0.0,14.4,0.0,19.6,0.0,20.3,0.0,26.4,0.0,13.2,0.0,10.7,0.0,19.0,0.0,18.9,0.0,21.0,0.0,20.1,0.0,24.7,0.0,36.4,0.0,57.3,0.0,43.3,0.0,61.1,0.0,62.3,0.0,47.7,0.0,61.9,0.0,71.4,89.5,60.3,111.9,69.1,163.6,97.7,176.5,73.1,160.1,96.1,239.4,110.1,259.9,119.3,326.3,134.1,325.9,148.6,319.4,154.0,277.6,162.7,233.3,147.9,254.1,152.1,326.3,130.4,329.6,156.5,515.6,189.8,621.8,177.3,617.0,191.3,656.8,205.2,648.1,142.3,436.9,132.3,486.6,134.9,540.7,140.7,546.0,130.1,461.6,159.9,448.5,146.4,382.4,130.4,387.4,131.3,397.2,116.9,395.2,113.0,391.8,91.6,333.8,95.4,423.5,102.2,384.9
"농림업",농업,농업총계,재배업,과실,감,단감,소계,24.7,0.0,23.2,0.0,24.8,0.0,36.3,0.0,35.6,0.0,32.4,0.0,24.0,0.0,32.7,0.0,33.9,0.0,44.1,0.0,21.9,0.0,17.8,0.0,31.7,0.0,31.5,0.0,35.1,0.0,33.4,0.0,41.2,0.0,60.7,0.0,95.7,0.0,72.3,0.0,101.9,0.0,103.9,0.0,79.5,0.0,103.3,0.0,119.1,89.5,100.6,111.9,115.3,163.6,163.0,176.5,121.9,160.1,143.9,212.1,162.2,231.4,175.6,249.2,194.5,251.8,220.7,257.4,224.6,216.7,238.9,184.3,207.6,198.6,210.0,240.8,171.3,247.0,205.3,320.2,247.8,383.7,217.0,319.4,218.0,299.2,227.0,299.8,180.3,252.8,162.0,276.0,160.2,308.5,165.4,306.3,152.5,293.4,184.3,271.4,166.0,223.6,130.3,196.6,120.1,207.4,109.6,219.0,101.1,198.3,93.9,197.8,105.0,292.7,109.1,241.3
"농림업",농업,농업총계,재배업,과실,감,떫은감,소계,-,0.0,-,0.0,-,0.0,-,0.0,-,0.0,-,0.0,-,0.0,-,0.0,-,0.0,-,0.0,-,0.0,-,0.0,-,0.0,-,0.0,-,0.0,-,0.0,-,0.0,-,0.0,-,0.0,-,0.0,-,0.0,-,0.0,-,0.0,-,0.0,-,0.0,-,0.0,-,0.0,-,0.0,-,0.0,24.5,27.3,32.1,28.5,35.1,77.1,43.8,74.1,40.7,62.0,48.3,60.8,48.7,49.0,58.6,55.5,65.4,85.4,69.4,82.6,83.4,195.4,103.0,238.0,117.7,297.7,151.4,357.7,172.6,348.3,85.4,184.1,87.8,210.6,97.1,232.2,103.9,239.6,96.5,168.1,123.5,177.2,117.1,158.8,130.7,190.8,148.1,189.8,127.7,176.3,130.9,193.5,88.1,136.0,81.0,130.8,91.7,143.6
"농림업",농업,농업총계,재배업,특용작물,유지작물,소계,소계,18.9,0.0,24.2,0.0,27.7,0.0,29.7,0.0,34.2,0.0,42.9,0.0,51.3,0.0,54.0,0.0,61.4,0.0,63.4,0.0,90.5,0.0,123.2,0.0,109.2,0.0,116.2,0.0,107.7,0.0,60.7,0.0,79.8,0.0,132.3,0.0,157.7,0.0,154.4,0.0,157.8,0.0,188.2,0.0,186.2,0.0,210.2,0.0,177.6,327.5,162.6,360.0,143.1,331.1,152.5,354.2,101.7,244.9,127.0,357.1,142.0,381.8,129.5,328.4,140.3,371.1,129.5,318.4,111.5,291.1,127.3,345.2,129.1,353.6,107.2,282.7,71.3,221.6,93.1,304.2,99.1,322.4,86.3,256.9,98.9,306.5,98.1,435.9,87.9,400.3,98.7,506.8,82.4,431.0,79.7,450.3,95.0,556.1,111.2,605.7,121.8,645.5,131.2,668.9,130.7,685.8,107.3,535.8,109.6,660.9,87.2,578.9,103.2,944.9,115.8,1040.5
"농림업",농업,농업총계,재배업,특용작물,유지작물,참깨,소계,41.8,0.0,52.5,0.0,61.5,0.0,65.7,0.0,77.4,0.0,104.3,0.0,134.5,0.0,144.4,0.0,169.5,0.0,169.5,0.0,252.4,0.0,357.0,0.0,300.8,0.0,321.4,0.0,268.1,0.0,120.1,0.0,176.3,0.0,356.5,0.0,428.1,0.0,418.9,0.0,409.9,0.0,484.6,0.0,434.9,0.0,525.8,0.0,399.0,213.9,382.3,261.4,299.0,209.8,292.0,203.3,163.4,125.1,280.6,239.6,320.0,260.8,295.0,233.6,335.4,276.4,278.4,214.7,242.1,204.7,318.5,268.3,311.8,252.0,239.2,201.1,120.3,139.6,209.5,216.0,235.6,233.4,155.6,148.0,175.8,189.1,195.6,280.5,128.4,171.5,127.6,201.9,95.6,170.8,97.3,179.0,124.5,218.0,122.1,197.1,117.3,187.8,136.3,224.7,143.2,229.8,127.8,200.2,130.4,204.1,68.2,128.8,101.3,277.8,117.3,294.7
"농림업",농업,농업총계,재배업,특용작물,유지작물,들깨,소계,8.5,0.0,11.5,0.0,12.4,0.0,12.8,0.0,13.9,0.0,15.4,0.0,15.9,0.0,16.3,0.0,17.8,0.0,20.1,0.0,23.2,0.0,28.8,0.0,27.5,0.0,25.3,0.0,35.0,0.0,29.4,0.0,35.8,0.0,37.1,0.0,44.3,0.0,45.3,0.0,50.3,0.0,61.2,0.0,68.2,0.0,69.3,0.0,73.6,52.7,68.0,52.2,73.3,70.2,89.4,97.2,69.1,72.2,58.0,67.2,63.7,73.5,61.1,67.0,60.2,66.9,65.4,74.4,54.8,61.4,49.6,60.5,54.5,74.4,50.7,61.4,50.2,66.7,44.5,67.6,44.0,74.9,58.7,95.0,68.7,103.1,58.7,116.9,69.1,170.4,82.4,227.9,74.1,204.6,70.2,205.1,80.9,293.8,105.0,363.9,123.6,417.5,126.3,395.5,123.1,354.1,97.9,298.9,102.8,428.9,94.1,408.0,103.1,613.0,115.5,693.5
"농림업",농업,농업총계,재배업,특용작물,유지작물,땅콩,소계,26.3,0.0,31.8,0.0,39.5,0.0,49.6,0.0,58.5,0.0,62.7,0.0,55.7,0.0,50.0,0.0,38.8,0.0,47.6,0.0,79.8,0.0,74.7,0.0,120.2,0.0,169.0,0.0,167.0,0.0,134.1,0.0,119.0,0.0,141.3,0.0,152.0,0.0,127.7,0.0,172.6,0.0,213.1,0.0,340.0,0.0,302.3,0.0,303.0,56.6,185.1,41.2,191.8,47.2,203.3,51.3,179.4,45.4,177.2,47.8,181.8,44.3,114.5,27.0,115.4,27.9,145.5,29.4,130.6,25.0,94.2,16.4,101.6,27.2,118.4,20.2,75.8,15.3,87.2,20.6,69.8,14.1,67.1,13.9,73.5,14.3,78.8,38.5,107.7,58.5,147.8,77.0,114.6,55.6,105.0,66.3,114.9,44.4,131.0,44.7,123.1,40.1,164.0,48.7,157.5,101.9,116.2,36.7,86.8,27.9,100.5,42.0,112.7,54.1,113.1,52.3
"농림업",농업,농업총계,재배업,버섯,소계,소계,소계,-,0.0,-,0.0,-,0.0,-,0.0,-,0.0,-,0.0,-,0.0,-,0.0,-,0.0,46.0,0.0,47.8,0.0,42.6,0.0,58.8,0.0,79.7,0.0,58.9,0.0,43.3,0.0,32.0,0.0,32.6,0.0,29.7,0.0,32.7,0.0,29.4,0.0,20.1,0.0,23.5,0.0,23.4,0.0,63.5,98.5,63.5,126.3,66.4,163.0,82.0,143.5,86.4,219.2,112.0,257.5,140.8,315.4,124.1,406.3,117.5,550.9,106.2,470.6,113.6,499.8,100.8,484.8,98.6,506.4,104.3,481.0,100.8,417.0,183.6,484.1,119.0,301.4,93.3,484.8,94.2,451.1,100.0,476.5,91.7,444.3,128.4,598.6,107.4,422.4,105.7,404.0,95.0,364.3,116.0,455.1,100.0,381.7,101.7,383.6,94.4,345.6,86.3,336.3,109.1,449.3,103.5,400.8,87.5,418.0,86.6,421.9
"농림업",농업,농업총계,재배업,버섯,양송이,소계,소계,-,0.0,-,0.0,-,0.0,-,0.0,-,0.0,-,0.0,-,0.0,-,0.0,-,0.0,157.9,0.0,164.0,0.0,146.1,0.0,201.6,0.0,273.2,0.0,202.0,0.0,148.5,0.0,109.8,0.0,111.7,0.0,101.9,0.0,112.1,0.0,100.7,0.0,68.9,0.0,80.7,0.0,80.4,0.0,70.0,21.2,65.6,11.9,52.2,13.1,49.8,12.1,51.5,25.7,57.1,23.7,91.3,39.1,72.1,39.6,76.5,48.3,92.9,54.4,114.8,70.7,126.7,79.3,105.0,66.3,123.5,75.4,114.9,70.0,139.7,81.2,110.2,65.2,69.1,68.1,64.7,57.4,62.8,66.8,47.5,52.4,131.4,152.1,75.8,73.0,63.8,61.6,38.8,43.3,66.7,79.0,56.5,63.0,59.1,59.0,61.8,58.4,65.9,70.7,127.2,149.6,119.0,142.3,53.8,77.8,46.2,65.5
"농림업",농업,농업총계,재배업,버섯,느타리,소계,소계,-,0.0,-,0.0,-,0.0,-,0.0,-,0.0,-,0.0,-,0.0,-,0.0,-,0.0,-,0.0,-,0.0,-,0.0,-,0.0,-,0.0,-,0.0,-,0.0,-,0.0,-,0.0,-,0.0,-,0.0,-,0.0,-,0.0,-,0.0,-,0.0,79.5,52.6,101.5,90.8,110.1,117.1,125.5,90.9,120.9,143.6,123.0,161.5,154.7,201.8,150.0,257.0,177.7,363.9,161.3,318.2,163.4,317.5,150.4,311.8,149.9,322.1,153.8,293.3,131.7,224.1,111.0,176.7,120.9,166.1,97.3,193.6,97.7,170.6,85.2,145.0,83.2,144.9,96.1,150.1,99.0,96.1,110.5,110.1,140.4,134.1,162.4,162.4,132.8,129.8,125.0,128.0,113.8,112.6,84.0,81.6,102.7,108.4,97.2,100.7,100.1,125.9,106.2,134.5
"농림업",농업,농업총계,재배업,버섯,영지,소계,소계,-,0.0,-,0.0,-,0.0,-,0.0,-,0.0,-,0.0,-,0.0,-,0.0,-,0.0,-,0.0,-,0.0,-,0.0,-,0.0,-,0.0,-,0.0,-,0.0,-,0.0,-,0.0,-,0.0,-,0.0,-,0.0,-,0.0,-,0.0,-,0.0,1176.7,23.6,927.2,21.1,1172.2,30.7,1824.6,38.3,2086.8,45.6,3320.7,63.8,3830.1,56.9,3212.0,75.8,2218.4,72.7,1496.1,34.6,1417.1,30.0,747.5,19.6,650.2,18.2,607.8,16.7,796.7,21.9,4212.4,153.3,558.6,17.5,291.9,8.5,236.9,7.1,350.3,19.5,349.1,21.4,744.0,37.9,322.8,16.5,225.5,11.5,238.1,9.4,489.9,21.4,160.8,9.8,241.6,13.4,111.0,6.4,90.4,9.2,88.7,9.0,92.0,6.4,119.3,8.3,119.8,13.8
"농림업",농업,농업총계,재배업,버섯,팽이,소계,소계,-,0.0,-,0.0,-,0.0,-,0.0,-,0.0,-,0.0,-,0.0,-,0.0,-,0.0,-,0.0,-,0.0,-,0.0,-,0.0,-,0.0,-,0.0,-,0.0,-,0.0,-,0.0,-,0.0,-,0.0,-,0.0,-,0.0,-,0.0,-,0.0,0.4,1.0,1.4,2.4,1.2,2.1,1.5,2.1,3.0,4.1,5.9,8.3,13.7,17.4,27.3,33.8,55.1,65.9,70.1,63.4,86.7,81.6,84.1,74.1,134.0,99.8,134.4,95.6,145.6,101.0,115.8,72.8,141.8,52.6,121.4,59.9,130.1,62.7,195.0,96.1,215.5,96.4,187.8,101.3,152.1,61.8,179.5,71.2,118.0,51.0,117.4,56.6,132.6,54.0,134.5,54.9,100.7,36.6,100.7,49.2,112.3,60.6,92.2,42.3,95.4,50.4,93.5,50.6
"농림업",농업,농업총계,재배업,버섯,새송이,소계,소계,-,0.0,-,0.0,-,0.0,-,0.0,-,0.0,-,0.0,-,0.0,-,0.0,-,0.0,-,0.0,-,0.0,-,0.0,-,0.0,-,0.0,-,0.0,-,0.0,-,0.0,-,0.0,-,0.0,-,0.0,-,0.0,-,0.0,-,0.0,-,0.0,-,0.0,-,0.0,-,0.0,-,0.0,-,0.0,-,0.0,-,0.0,-,0.0,-,0.0,-,0.0,-,0.0,-,0.0,-,0.0,-,0.0,-,0.0,68.0,0.0,89.8,0.0,89.8,154.7,96.3,153.3,95.3,149.1,76.4,129.4,92.1,157.2,113.8,175.1,105.1,149.6,91.6,126.6,99.3,135.7,96.6,125.0,100.9,128.3,105.1,131.7,102.0,125.6,97.2,121.6,99.2,109.1,103.6,155.5,103.5,157.5
"농림업",농업,농업총계,재배업,전매작물,소계,소계,소계,68.4,0.0,86.1,0.0,78.5,0.0,82.7,0.0,70.7,0.0,73.5,0.0,81.5,0.0,146.6,0.0,155.5,0.0,133.9,0.0,151.2,0.0,162.1,0.0,195.0,0.0,186.6,0.0,151.6,0.0,133.0,0.0,127.6,0.0,166.5,0.0,148.1,0.0,156.8,0.0,136.3,0.0,159.4,0.0,151.9,0.0,147.7,0.0,150.3,443.7,135.8,458.0,145.9,584.7,149.9,640.1,188.0,805.2,175.4,745.8,148.5,634.6,114.0,548.8,110.9,592.9,113.2,631.5,137.5,789.0,137.2,795.7,120.5,726.7,125.6,855.4,105.4,808.7,97.6,766.8,93.1,776.8,109.3,867.8,116.4,958.3,127.0,1028.9,135.5,1078.5,126.5,1031.5,122.5,1141.5,120.2,1165.4,100.4,942.2,98.3,937.0,99.5,906.6,96.7,855.6,107.9,893.1,107.5,910.2,94.1,799.4,109.3,893.5,96.5,784.6,100.9,842.7
"농림업",농업,농업총계,재배업,전매작물,연초,소계,소계,647.4,0.0,832.7,0.0,762.5,0.0,805.2,0.0,683.9,0.0,647.5,0.0,732.1,0.0,1339.5,0.0,1289.3,0.0,1098.7,0.0,1204.3,0.0,1289.6,0.0,1669.9,0.0,1552.2,0.0,1278.1,0.0,1115.0,0.0,1005.1,0.0,1330.7,0.0,1163.2,0.0,1088.0,0.0,874.4,0.0,958.7,0.0,901.6,0.0,843.4,0.0,906.1,272.3,765.0,260.2,805.2,294.1,919.3,391.7,1230.4,526.7,1139.2,479.3,968.9,350.7,705.0,303.5,628.4,287.9,641.6,317.8,756.1,395.6,787.9,422.9,642.1,353.2,549.3,300.4,412.1,230.3,355.5,198.7,315.7,196.5,256.9,161.0,245.2,159.3,233.8,154.0,200.0,137.2,132.3,92.9,101.6,75.0,107.5,82.3,80.8,65.1,101.3,82.4,110.1,87.2,109.9,88.4,100.1,79.7,97.4,80.0,118.0,96.5,89.4,74.4,92.6,80.2,83.4,71.7
"농림업",농업,농업총계,재배업,전매작물,인삼,소계,소계,3.1,0.0,1.9,0.0,1.4,0.0,1.2,0.0,1.5,0.0,8.8,0.0,8.1,0.0,12.0,0.0,27.5,0.0,25.0,0.0,32.4,0.0,34.9,0.0,28.7,0.0,32.6,0.0,24.5,0.0,22.3,0.0,28.6,0.0,35.2,0.0,33.6,0.0,51.7,0.0,53.1,0.0,69.2,0.0,67.3,0.0,69.3,0.0,65.1,171.5,64.9,197.8,71.5,290.7,63.1,248.4,70.4,278.5,66.7,266.5,55.9,283.9,47.4,245.2,52.6,304.9,53.6,313.7,67.7,393.4,63.8,372.8,61.7,373.5,77.8,555.0,70.8,578.4,68.5,568.1,68.0,580.3,92.7,706.9,101.9,799.0,114.9,874.9,128.2,941.2,125.8,938.5,124.8,1066.6,121.7,1083.1,102.6,877.1,98.0,854.6,98.3,819.4,95.2,767.3,108.8,813.4,108.6,830.3,91.4,702.9,111.6,819.1,97.0,704.4,102.8,771.0
"농림업",농업,농업총계,재배업,볏짚,소계,소계,소계,176.1,0.0,173.1,0.0,168.4,0.0,170.9,0.0,204.6,0.0,198.3,0.0,200.9,0.0,220.3,0.0,221.8,0.0,216.3,0.0,223.4,0.0,188.4,0.0,167.8,0.0,162.9,0.0,161.2,0.0,171.8,0.0,172.4,0.0,158.8,0.0,166.3,0.0,178.1,0.0,168.5,0.0,173.0,0.0,165.2,0.0,186.0,0.0,185.2,410.3,168.6,379.6,160.6,354.0,159.4,341.8,138.1,297.8,158.4,343.4,148.6,332.7,154.5,346.0,156.1,351.3,163.3,386.9,164.1,390.6,164.0,523.6,161.8,516.6,153.1,525.2,139.2,498.3,144.8,601.4,140.4,639.3,129.2,680.4,126.7,711.1,127.7,536.3,124.9,485.6,120.8,389.6,130.4,374.4,132.9,411.0,116.6,371.0,123.1,369.9,108.8,307.7,107.1,298.3,106.7,330.2,103.3,274.0,101.7,300.1,93.3,281.8,104.9,304.9,104.1,349.6
"농림업",농업,농업총계,축잠업,소계,소계,소계,소계,10.9,0.0,12.5,0.0,10.3,0.0,9.2,0.0,14.0,0.0,15.6,0.0,14.0,0.0,16.6,0.0,20.9,0.0,26.6,0.0,14.8,0.0,22.5,0.0,25.2,0.0,30.0,0.0,31.6,0.0,26.6,0.0,28.9,0.0,33.7,0.0,45.6,0.0,47.6,0.0,53.3,0.0,52.3,0.0,46.1,0.0,45.4,0.0,48.4,3468.3,48.4,3953.2,52.3,4433.5,55.0,4632.4,62.0,5068.6,60.8,5312.7,65.5,5962.3,71.3,6934.2,73.2,6903.1,73.2,7514.9,67.5,7936.7,73.2,8082.4,70.5,8312.0,74.4,9051.9,76.5,8869.6,73.0,10839.9,75.0,11767.2,77.4,11676.3,80.0,11277.3,87.1,13592.9,89.8,16484.0,93.5,17471.4,77.1,15041.4,96.1,16093.7,91.5,16312.2,90.0,18874.6,90.9,19211.6,92.0,19298.5,91.9,20177.5,96.1,19781.5,99.6,19923.3,99.0,20365.9,101.4,24597.6,102.3,25242.2
"농림업",농업,농업총계,축잠업,축산업,소계,소계,소계,10.9,0.0,12.6,0.0,10.3,0.0,9.2,0.0,14.0,0.0,15.6,0.0,14.0,0.0,16.6,0.0,20.9,0.0,26.7,0.0,14.9,0.0,22.5,0.0,25.3,0.0,30.0,0.0,31.7,0.0,26.6,0.0,29.0,0.0,33.7,0.0,45.6,0.0,47.7,0.0,53.4,0.0,52.4,0.0,46.2,0.0,45.5,0.0,48.5,3433.2,48.5,3922.9,52.4,4407.1,55.0,4611.9,62.1,5057.0,60.9,5305.4,65.6,5960.6,71.4,6934.1,73.3,6903.1,73.3,7514.9,67.6,7936.6,73.3,8082.4,70.6,8312.0,74.5,9051.9,76.6,8869.6,73.1,10839.9,75.1,11767.2,77.5,11676.3,80.1,11277.3,87.2,13592.9,89.6,16484.0,93.4,17471.4,76.8,14990.9,95.9,16022.5,91.3,16232.8,89.7,18781.9,90.6,19125.7,91.8,19229.7,91.8,20122.7,96.0,19730.7,99.5,19873.1,99.0,20347.2,101.5,24579.7,102.4,25224.2
"농림업",농업,농업총계,축잠업,축산업,가축,소계,소계,12.8,0.0,14.6,0.0,11.6,0.0,10.1,0.0,15.4,0.0,17.3,0.0,15.1,0.0,18.2,0.0,23.6,0.0,30.5,0.0,15.2,0.0,24.6,0.0,27.2,0.0,32.2,0.0,33.8,0.0,26.8,0.0,28.4,0.0,34.4,0.0,47.6,0.0,49.2,0.0,55.7,0.0,53.4,0.0,44.0,0.0,40.6,0.0,43.8,2323.1,43.8,2798.7,48.0,3286.2,51.6,3412.4,59.0,3828.7,57.6,3997.8,62.9,4455.3,68.5,5274.8,72.2,5202.5,71.6,5525.0,63.0,5737.8,68.9,5863.8,63.6,5793.9,66.5,6432.0,70.0,6363.8,68.4,8106.0,69.0,8814.9,72.2,9014.6,75.3,8508.6,83.6,10357.0,86.7,12946.7,89.2,13752.2,71.2,11277.1,94.4,12123.7,88.7,12040.4,85.5,14158.2,86.0,14533.1,88.7,14869.3,91.0,15394.4,96.2,15944.5,98.1,15625.4,99.7,16268.9,102.3,19451.3,101.4,19889.3
"농림업",농업,농업총계,축잠업,축산업,가축,한육우,소계,25.2,0.0,24.6,0.0,21.6,0.0,17.2,0.0,30.3,0.0,36.6,0.0,28.0,0.0,36.7,0.0,48.6,0.0,66.5,0.0,24.7,0.0,40.1,0.0,51.4,0.0,55.9,0.0,48.8,0.0,41.6,0.0,40.4,0.0,48.2,0.0,68.3,0.0,83.4,0.0,96.7,0.0,87.8,0.0,50.9,0.0,36.4,0.0,49.0,801.0,54.2,922.4,60.7,1164.1,62.0,1244.7,77.0,1407.0,74.6,1472.5,81.7,1775.6,93.5,2105.0,95.4,2107.3,83.5,1836.0,60.0,1778.3,57.7,1878.8,48.4,1699.7,47.9,2136.3,57.8,2463.3,62.1,2893.7,64.2,3147.9,73.5,3273.5,77.0,3447.8,91.3,3547.6,94.0,4094.8,96.9,4863.3,83.8,3052.7,102.9,3473.0,89.0,3682.3,83.3,4285.3,84.6,4707.7,83.1,5057.0,87.0,4663.7,89.6,5091.8,95.3,5653.0,98.6,5992.2,106.1,7236.9,108.7,6334.1
"농림업",농업,농업총계,축잠업,축산업,가축,한육우,한우,26.4,0.0,25.8,0.0,22.6,0.0,18.0,0.0,31.7,0.0,38.3,0.0,29.3,0.0,38.4,0.0,50.9,0.0,69.6,0.0,25.8,0.0,42.0,0.0,53.9,0.0,58.5,0.0,51.1,0.0,43.6,0.0,42.3,0.0,50.5,0.0,71.6,0.0,87.3,0.0,101.3,0.0,92.0,0.0,53.3,0.0,38.1,0.0,51.3,801.0,56.7,922.4,63.5,1164.1,65.0,1244.7,80.6,1407.0,78.1,1472.5,85.6,1775.6,97.9,2105.0,100.0,2107.3,87.4,1836.0,62.8,1778.3,60.4,1878.8,50.7,1699.7,50.2,2136.3,60.6,2463.3,56.3,2893.7,59.6,3147.9,68.4,2835.6,74.2,3115.6,89.1,3281.9,92.0,3805.4,95.9,4582.0,84.0,2839.3,103.6,3263.0,90.5,3506.2,84.4,4025.5,83.7,4440.9,82.3,4811.0,86.9,4438.8,89.3,4826.1,95.3,5400.6,98.5,5724.6,106.2,6899.0,109.3,6028.9
"농림업",농업,농업총계,축잠업,축산업,가축,한육우,육우,-,0.0,-,0.0,-,0.0,-,0.0,-,0.0,-,0.0,-,0.0,-,0.0,-,0.0,-,0.0,-,0.0,-,0.0,-,0.0,-,0.0,-,0.0,-,0.0,-,0.0,-,0.0,-,0.0,-,0.0,-,0.0,-,0.0,-,0.0,-,0.0,-,0.0,-,0.0,-,0.0,-,0.0,-,0.0,-,0.0,-,0.0,-,0.0,-,0.0,-,0.0,-,0.0,-,0.0,-,0.0,-,0.0,-,0.0,184.7,0.0,160.7,0.0,180.8,437.9,136.6,332.2,136.4,265.7,136.1,289.4,116.3,281.3,79.6,213.4,89.7,210.0,57.2,176.1,59.9,259.8,103.0,266.8,100.6,246.0,88.2,224.9,94.6,265.8,94.5,252.3,101.0,267.6,104.5,337.9,96.9,305.2
"농림업",농업,농업총계,축잠업,축산업,가축,젖소,소계,-,0.0,-,0.0,-,0.0,-,0.0,-,0.0,-,0.0,-,0.0,-,0.0,-,0.0,57.3,0.0,57.3,0.0,76.8,0.0,88.3,0.0,119.2,0.0,142.4,0.0,119.6,0.0,185.5,0.0,206.1,0.0,212.9,0.0,163.0,0.0,187.4,0.0,185.5,0.0,174.3,0.0,179.9,0.0,196.8,151.0,194.9,135.5,187.4,156.0,364.7,356.2,425.6,337.4,347.4,208.2,355.8,247.4,356.8,216.7,159.4,62.7,217.5,71.4,147.3,63.7,160.7,71.9,148.0,71.3,166.8,72.0,123.1,37.9,130.5,34.2,119.3,31.8,118.7,36.9,107.1,34.0,105.7,30.2,107.5,40.7,80.8,24.1,22.5,-19.0,119.7,76.7,93.8,59.4,114.1,50.6,88.9,30.6,95.5,48.3,82.1,34.5,98.3,61.9,96.8,67.4,107.1,78.6,96.2,58.2,91.0,57.5
"농림업",농업,농업총계,축잠업,축산업,가축,돼지,소계,7.7,0.0,12.2,0.0,8.0,0.0,7.9,0.0,8.9,0.0,7.7,0.0,9.9,0.0,9.4,0.0,11.7,0.0,11.7,0.0,11.0,0.0,19.1,0.0,15.8,0.0,22.5,0.0,32.5,0.0,22.7,0.0,26.6,0.0,33.1,0.0,46.0,0.0,37.1,0.0,40.2,0.0,41.2,0.0,50.7,0.0,55.4,0.0,51.7,875.4,46.0,1173.8,49.5,1363.1,54.6,1250.9,55.9,1316.0,54.4,1358.5,58.9,1406.6,59.8,1901.3,63.4,1960.1,72.2,2390.2,71.1,2686.9,75.3,2372.0,81.8,2692.3,86.0,2918.4,85.7,2681.2,78.9,3666.8,74.6,3758.6,74.1,3609.3,76.7,3319.7,73.3,4085.3,79.5,5473.4,82.1,5322.7,50.3,4544.6,87.1,5348.2,89.0,5009.5,87.4,6615.2,88.6,6967.1,92.3,6756.5,93.1,7338.0,100.3,7118.5,98.0,6392.4,99.9,7177.5,102.1,8478.5,101.8,9649.6
"농림업",농업,농업총계,축잠업,축산업,가축,염소(산양포함),소계,10.9,0.0,14.1,0.0,9.4,0.0,7.5,0.0,20.8,0.0,18.6,0.0,20.4,0.0,22.6,0.0,26.7,0.0,35.1,0.0,47.4,0.0,46.0,0.0,42.7,0.0,33.6,0.0,33.1,0.0,30.6,0.0,33.4,0.0,33.4,0.0,42.6,0.0,62.6,0.0,61.1,0.0,48.3,0.0,35.2,0.0,27.5,0.0,22.9,9.2,34.6,14.1,42.6,27.9,56.6,31.0,79.6,73.5,86.5,62.9,85.9,67.4,90.7,61.8,85.0,56.3,77.3,45.2,69.3,54.0,186.7,123.6,58.4,48.9,60.0,58.4,54.2,45.4,59.4,57.8,74.8,72.9,74.8,61.2,81.4,66.6,68.5,64.0,52.0,54.6,47.8,50.2,43.0,75.4,41.3,64.4,47.4,79.3,41.0,95.8,37.4,75.8,37.7,67.2,51.9,79.7,43.2,59.5,90.2,124.4,110.7,152.6,99.1,177.5,77.9,167.2
"농림업",농업,농업총계,축잠업,축산업,가축,사슴,소계,-,0.0,-,0.0,-,0.0,-,0.0,-,0.0,-,0.0,-,0.0,-,0.0,-,0.0,-,0.0,-,0.0,-,0.0,-,0.0,-,0.0,-,0.0,-,0.0,-,0.0,-,0.0,-,0.0,99.8,0.0,115.0,0.0,132.4,0.0,162.3,0.0,184.6,0.0,221.1,20.4,234.1,23.7,258.9,27.0,173.8,14.6,201.7,18.1,223.5,18.1,254.3,23.5,398.8,9.1,368.9,19.2,374.7,11.4,394.5,13.8,3057.0,105.6,225.7,18.8,243.8,25.9,256.4,21.4,296.5,26.3,291.6,29.6,350.2,34.6,269.1,13.3,478.2,28.8,193.3,11.5,379.8,23.1,440.6,27.7,214.4,16.1,269.9,22.4,210.2,20.5,164.3,18.7,163.9,22.5,151.0,22.0,158.2,21.9,71.9,11.8,133.3,23.2,94.8,15.9,127.4,23.8
"농림업",농업,농업총계,축잠업,축산업,가축,토끼,소계,-,0.0,-,0.0,-,0.0,-,0.0,-,0.0,-,0.0,-,0.0,-,0.0,-,0.0,-,0.0,-,0.0,-,0.0,-,0.0,-,0.0,-,0.0,-,0.0,-,0.0,-,0.0,-,0.0,-,0.0,-,0.0,-,0.0,-,0.0,-,0.0,-,47.4,-,43.7,-,19.5,-,9.0,-,8.0,-,7.3,-,6.2,-,6.5,-,7.7,-,8.5,-,11.8,-,16.8,-,17.6,-,16.6,-,14.1,-,15.9,-,12.0,-,14.2,-,11.9,-,12.0,-,12.8,-,14.8,-,13.3,-,10.2,-,10.5,-,9.5,-,9.6,-,7.1,-,5.1,-,5.0,-,4.8,-,4.5,-,4.1,-,-
"농림업",농업,농업총계,축잠업,축산업,가축,닭,소계,0.8,0.0,1.1,0.0,1.4,0.0,2.3,0.0,2.3,0.0,2.7,0.0,3.1,0.0,3.4,0.0,3.4,0.0,3.4,0.0,5.4,0.0,6.2,0.0,4.8,0.0,8.7,0.0,8.0,0.0,7.9,0.0,8.2,0.0,10.0,0.0,10.7,0.0,10.1,0.0,11.4,0.0,15.8,0.0,17.4,0.0,16.9,0.0,17.0,396.7,18.9,445.9,22.8,506.4,23.2,483.8,23.9,549.9,24.7,750.9,26.3,772.7,27.7,768.6,44.2,772.9,41.9,857.5,41.3,768.0,45.3,820.8,40.2,863.3,41.3,729.4,44.4,641.2,43.6,947.6,50.3,1113.2,53.0,1330.0,58.7,1027.5,59.3,1429.4,68.0,2023.0,73.0,2146.0,76.4,2186.0,80.1,2090.0,76.9,2171.2,83.4,2023.8,84.6,1909.5,85.9,1998.6,94.4,2376.7,99.2,2259.0,100.3,2102.6,99.4,2027.0,100.3,2274.3,96.6,2581.3
"농림업",농업,농업총계,축잠업,축산업,가축,오리,소계,0.2,0.0,0.2,0.0,0.2,0.0,0.1,0.0,0.2,0.0,0.2,0.0,0.2,0.0,0.2,0.0,0.2,0.0,0.7,0.0,0.8,0.0,2.2,0.0,2.5,0.0,1.5,0.0,1.2,0.0,1.1,0.0,1.5,0.0,1.2,0.0,1.5,0.0,1.3,0.0,1.6,0.0,3.0,0.0,3.4,0.0,3.1,0.0,2.8,20.1,7.4,37.5,3.6,20.1,4.0,21.2,17.2,116.9,21.0,117.4,27.8,153.6,36.5,203.6,39.8,216.3,42.7,304.8,57.5,361.4,69.2,474.4,66.8,382.0,83.1,475.0,80.4,459.5,76.4,463.7,87.8,649.0,81.9,648.0,82.1,582.4,150.2,1154.4,131.6,1232.3,126.0,1305.9,129.8,1396.6,126.6,1045.1,111.7,1005.7,93.0,1057.5,84.3,814.1,107.5,912.1,98.2,874.7,107.1,1326.9,112.1,1269.1,101.6,813.4,86.3,1206.0,70.2,1075.7
"농림업",농업,농업총계,축잠업,축산업,축산물,소계,소계,3.5,0.0,4.9,0.0,5.2,0.0,5.8,0.0,8.7,0.0,9.1,0.0,9.6,0.0,10.7,0.0,10.6,0.0,12.2,0.0,13.7,0.0,14.7,0.0,17.9,0.0,21.9,0.0,23.4,0.0,25.6,0.0,31.1,0.0,31.1,0.0,38.2,0.0,41.7,0.0,44.5,0.0,48.2,0.0,54.5,0.0,64.0,0.0,66.4,1110.2,66.2,1124.2,69.0,1120.9,68.3,1199.5,73.6,1228.3,73.5,1307.7,76.1,1505.3,82.5,1659.3,77.6,1700.5,79.8,1989.8,85.0,2198.8,90.1,2218.6,97.2,2518.1,105.3,2620.0,101.6,2505.7,90.9,2733.9,98.3,2952.3,97.7,2661.8,98.5,2768.7,101.0,3235.9,100.7,3537.3,109.2,3719.1,98.2,3713.8,101.7,3898.8,101.0,4192.4,105.5,4623.7,108.5,4592.6,103.6,4360.4,94.9,4728.3,95.2,3786.1,105.1,4247.7,96.6,4078.3,98.3,5128.3,105.9,5334.9
"농림업",농업,농업총계,축잠업,축산업,축산물,계란,소계,6.0,0.0,9.0,0.0,9.4,0.0,10.5,0.0,16.9,0.0,17.1,0.0,17.7,0.0,19.4,0.0,17.4,0.0,19.2,0.0,20.9,0.0,21.2,0.0,24.7,0.0,30.6,0.0,30.6,0.0,32.8,0.0,32.0,0.0,31.4,0.0,34.4,0.0,34.4,0.0,37.5,0.0,42.0,0.0,45.8,0.0,50.3,0.0,48.2,380.5,49.8,407.6,53.4,368.2,53.7,446.4,56.7,395.7,55.8,469.2,57.5,562.8,65.2,636.2,60.5,634.4,63.0,778.3,58.5,654.7,60.5,651.2,67.0,827.6,67.9,731.8,63.7,695.0,64.3,988.3,71.7,1085.3,74.8,867.4,75.7,853.7,75.5,1158.6,80.7,1359.0,82.3,1340.9,79.8,1559.9,84.2,1366.2,87.6,1639.4,91.6,1807.2,102.4,1836.9,108.1,1707.2,86.5,2100.4,95.7,1277.5,101.3,1410.5,103.0,1633.8,95.8,2470.4,113.2,2593.6
"농림업",농업,농업총계,축잠업,축산업,축산물,오리알,소계,26.8,0.0,38.3,0.0,50.5,0.0,43.1,0.0,70.7,0.0,75.1,0.0,79.6,0.0,42.3,0.0,70.9,0.0,155.3,0.0,97.5,0.0,119.6,0.0,149.4,0.0,88.4,0.0,78.1,0.0,68.7,0.0,92.0,0.0,69.3,0.0,99.0,0.0,79.7,0.0,89.6,0.0,93.0,0.0,107.3,0.0,118.3,0.0,87.9,1.3,200.8,3.1,135.8,2.2,138.4,5.0,27.7,1.7,34.8,2.1,46.2,3.5,337.0,15.2,377.1,34.1,403.4,36.5,543.1,49.1,586.0,53.0,622.0,65.6,793.9,83.7,769.7,69.6,719.7,75.9,832.3,87.8,782.6,49.5,786.8,83.0,1165.2,122.8,1174.1,123.8,1144.3,120.6,175.1,18.5,171.7,18.1,144.0,15.2,117.2,12.4,110.7,11.7,104.9,11.1,104.0,11.0,115.0,12.1,101.2,10.7,107.7,11.4,91.1,9.6,105.1,11.1
"농림업",농업,농업총계,축잠업,축산업,축산물,메추리알,소계,-,0.0,-,0.0,-,0.0,-,0.0,-,0.0,-,0.0,-,0.0,-,0.0,-,0.0,-,0.0,-,0.0,-,0.0,-,0.0,-,0.0,-,0.0,-,0.0,-,0.0,-,0.0,-,0.0,-,0.0,-,0.0,-,0.0,-,0.0,-,0.0,26.0,7.1,28.5,7.8,29.6,8.1,34.9,6.8,37.7,7.4,39.2,7.6,42.9,8.4,47.3,9.2,50.6,19.7,49.1,19.1,48.7,14.2,50.3,17.7,44.5,17.3,44.5,17.3,46.4,18.1,45.9,17.9,63.9,24.9,62.0,29.0,96.6,50.8,99.6,58.2,77.4,45.3,90.3,58.1,96.5,56.4,87.4,51.1,78.0,51.7,81.2,53.8,85.3,56.5,101.6,67.3,114.7,76.0,109.7,70.5,114.2,73.5,92.9,59.7,92.9,58.8,91.4,84.6
"농림업",농업,농업총계,축잠업,축산업,축산물,우유,소계,0.5,0.0,0.7,0.0,0.9,0.0,1.2,0.0,1.7,0.0,2.5,0.0,3.2,0.0,3.9,0.0,5.1,0.0,6.1,0.0,7.9,0.0,9.7,0.0,12.8,0.0,15.6,0.0,18.5,0.0,22.0,0.0,24.9,0.0,28.0,0.0,34.6,0.0,40.8,0.0,48.9,0.0,56.1,0.0,65.0,0.0,79.3,0.0,85.6,641.3,85.1,637.7,84.6,651.1,88.0,693.2,90.3,732.1,93.2,755.3,97.1,855.6,102.1,945.0,96.4,962.2,98.5,1090.6,109.0,1391.2,109.5,1351.7,113.7,1429.1,123.3,1572.9,115.0,1478.9,109.6,1515.7,108.3,1551.3,105.8,1521.3,106.3,1551.2,103.9,1604.1,102.5,1738.4,100.7,1693.4,92.3,1651.7,102.6,2011.8,101.7,2074.2,107.6,2338.0,105.4,2285.1,100.6,2175.1,100.0,2128.0,99.2,2131.4,99.6,2151.9,101.5,2196.0,98.9,2160.5,96.0,2138.9
"농림업",농업,농업총계,축잠업,축산업,축산물,벌꿀,소계,9.1,0.0,9.7,0.0,9.1,0.0,10.2,0.0,9.2,0.0,8.2,0.0,8.4,0.0,8.8,0.0,10.3,0.0,13.2,0.0,12.5,0.0,13.2,0.0,14.9,0.0,19.7,0.0,21.5,0.0,17.1,0.0,70.3,0.0,56.2,0.0,88.0,0.0,93.7,0.0,63.5,0.0,44.0,0.0,48.0,0.0,56.9,0.0,56.0,71.5,44.4,56.0,65.4,80.3,34.1,38.1,72.3,80.6,57.5,61.2,55.7,58.5,57.2,44.0,51.9,39.9,51.9,57.9,71.5,79.7,120.1,133.1,149.2,165.3,181.4,201.0,206.7,230.7,105.9,126.2,161.2,192.0,155.3,184.9,145.6,215.1,173.5,225.9,155.9,202.9,260.6,433.2,218.4,362.9,182.2,403.9,166.2,368.2,166.6,369.2,160.9,356.7,97.6,352.7,102.1,371.1,67.0,259.7,155.7,562.0,35.1,139.2,109.1,390.0,132.2,466.7
"농림업",농업,농업총계,축잠업,축산업,축산물,녹용,소계,-,0.0,-,0.0,-,0.0,-,0.0,-,0.0,-,0.0,-,0.0,-,0.0,-,0.0,-,0.0,-,0.0,-,0.0,-,0.0,-,0.0,-,0.0,-,0.0,-,0.0,-,0.0,-,0.0,6.8,0.0,8.2,0.0,9.6,0.0,12.3,0.0,13.7,0.0,13.7,7.7,19.2,10.7,19.2,9.2,21.9,9.0,24.7,10.1,28.8,11.2,32.9,14.0,38.4,9.7,38.4,10.2,50.7,7.4,56.2,9.8,61.6,12.2,67.1,13.2,68.5,13.2,68.5,13.5,68.5,10.0,67.1,11.0,60.3,9.7,109.6,15.0,175.3,66.3,179.4,67.9,184.9,73.0,160.3,64.3,127.4,47.7,116.4,43.8,108.2,43.2,114.4,45.8,117.6,47.0,103.1,41.8,83.1,34.9,103.8,39.2,99.5,38.2,96.8,39.0,95.1,40.1
"농림업",농업,농업총계,축잠업,양잠,소계,소계,소계,-,0.0,-,0.0,-,0.0,-,0.0,-,0.0,-,0.0,-,0.0,-,0.0,-,0.0,-,0.0,-,0.0,-,0.0,-,0.0,-,0.0,-,0.0,-,0.0,-,0.0,-,0.0,-,0.0,-,0.0,-,0.0,-,0.0,-,0.0,-,0.0,-,0.0,-,0.0,-,0.0,-,0.0,-,0.0,-,0.0,-,0.0,-,0.0,-,0.0,-,0.0,-,0.0,-,0.0,-,0.0,-,0.0,-,0.0,-,0.0,-,0.0,-,0.0,-,0.0,-,0.0,228.7,0.0,220.9,0.0,255.9,50.5,255.9,71.1,254.8,79.4,291.8,92.7,272.0,86.0,228.9,68.8,199.1,54.8,172.3,50.8,168.4,50.2,67.4,18.7,64.1,18.0,62.4,18.0
"농림업",농업,농업총계,축잠업,양잠,양잠산물,소계,소계,-,0.0,-,0.0,-,0.0,-,0.0,-,0.0,-,0.0,-,0.0,-,0.0,-,0.0,-,0.0,-,0.0,-,0.0,-,0.0,-,0.0,-,0.0,-,0.0,-,0.0,-,0.0,-,0.0,-,0.0,-,0.0,-,0.0,-,0.0,-,0.0,-,0.0,-,0.0,-,0.0,-,0.0,-,0.0,-,0.0,-,0.0,-,0.0,-,0.0,-,0.0,-,0.0,-,0.0,-,0.0,-,0.0,-,0.0,-,0.0,-,0.0,-,0.0,-,0.0,-,0.0,224.6,0.0,198.1,0.0,207.6,11.7,262.8,18.4,198.5,15.9,212.3,14.7,193.0,12.8,151.8,10.6,125.5,9.2,77.7,8.1,113.5,9.9,93.9,8.3,92.6,8.3,86.7,7.9
"농림업",농업,농업총계,축잠업,양잠,오디,소계,소계,-,0.0,-,0.0,-,0.0,-,0.0,-,0.0,-,0.0,-,0.0,-,0.0,-,0.0,-,0.0,-,0.0,-,0.0,-,0.0,-,0.0,-,0.0,-,0.0,-,0.0,-,0.0,-,0.0,-,0.0,-,0.0,-,0.0,-,0.0,-,0.0,-,0.0,-,0.0,-,0.0,-,0.0,-,0.0,-,0.0,-,0.0,-,0.0,-,0.0,-,0.0,-,0.0,-,0.0,-,0.0,-,0.0,-,0.0,-,0.0,-,0.0,-,0.0,-,0.0,-,0.0,230.5,0.0,231.0,0.0,277.2,38.8,252.9,52.8,279.6,63.6,326.6,78.0,306.7,73.2,262.7,58.3,231.4,45.7,213.8,42.7,192.6,40.3,55.8,10.4,51.6,9.6,51.7,10.1
